[[{"__type__":"cc.Prefab","data":{"__id__":1}},{"__type__":"cc.Node","_name":"xiaoche","_children":[{"__id__":2}],"_components":[{"__type__":"bc351P2bSVAarG7x7CzOlN0","node":{"__id__":1},"type":5},{"__type__":"cc.BoxColliderComponent","node":{"__id__":1},"_center":{"__type__":"cc.Vec3","y":15},"_size":{"__type__":"cc.Vec3","x":18,"y":30,"z":65}}],"_prefab":{"__type__":"cc.PrefabInfo","root":{"__id__":1},"asset":{"__id__":0},"fileId":"f7mu2FDKpPIKO43/P/HK6b","_synced":{"default":false,"serializable":false}}},{"__type__":"cc.Node","_name":"SM_Veh_SchoolBus_01","_parent":{"__id__":1},"_components":[{"__type__":"cc.ModelComponent","node":{"__id__":2},"_materials":[{"__uuid__":"3d5m6q/VlBlZgsozpzNrnf"}],"lightmapSettings":{"__type__":"cc.ModelLightmapSettings"},"_mesh":{"__uuid__":"8fV6nHfklJYIA2PQb9N8bd@aee5a"}}],"_prefab":{"__type__":"cc.PrefabInfo","root":{"__id__":1},"asset":{"__id__":0},"fileId":"bb/1XwdTtOtpN0AHR3T15Y","_synced":{"default":false,"serializable":false}},"_lpos":{"__type__":"cc.Vec3","y":0.3,"z":11.556},"_lscale":{"__type__":"cc.Vec3","x":23.2717933654785,"y":20,"z":20.0000038146973},"_euler":{"__type__":"cc.Vec3","x":0.000009334667642611398}}],{"__type__":"cc.Mesh","_native":".bin","_struct":{"primitives":[{"primitiveMode":7,"vertexBundelIndices":[0],"indexView":{"offset":14540,"length":2754,"count":1377,"stride":2}}],"vertexBundles":[{"view":{"offset":0,"length":14540,"count":727,"stride":20},"attributes":[{"name":"a_position","format":32,"isNormalized":false},{"name":"a_texCoord","format":21,"isNormalized":false}]}],"minPosition":{"__type__":"cc.Vec3","x":-0.4482026696205139,"y":-0.011771726422011852,"z":-2.2189857959747314},"maxPosition":{"__type__":"cc.Vec3","x":0.4462195932865143,"y":1.417323112487793,"z":1.0419880151748657}},"_dataLength":17294,"_hash":3263544069}]
