[[{"__type__":"cc.Prefab","data":{"__id__":1}},{"__type__":"cc.Node","_name":"ContinueDialog","_children":[{"__id__":2},{"__id__":3}],"_components":[{"__type__":"cc.UITransformComponent","_name":"HomePage<UITransformComponent>","node":{"__id__":1},"_priority":10,"_contentSize":{"__type__":"cc.Size","width":750,"height":1334}},{"__type__":"cc.WidgetComponent","_name":"HomePage<WidgetComponent>","node":{"__id__":1},"_alignFlags":45,"_originalWidth":100,"_originalHeight":100},{"__type__":"fb267OzreZM6472coTEoDH3","node":{"__id__":1},"fuhuoLabel":{"__id__":7},"fuhuoCostLabel":{"__id__":16},"adBtn":{"__id__":22},"fuhuoBtn":{"__id__":17},"anim":{"__id__":24},"contentNode":{"__id__":3},"adBtnNode":{"__id__":18},"progressBar":{"__id__":12}},{"__id__":24}],"_prefab":{"__type__":"cc.PrefabInfo","root":{"__id__":1},"asset":{"__id__":0},"fileId":"3dAlXTl2hCFrPDZsiuBjPf","_synced":{"default":false,"serializable":false}}},{"__type__":"cc.Node","_name":"bg","_parent":{"__id__":1},"_components":[{"__type__":"cc.UITransformComponent","_name":"bg<UITransformComponent>","node":{"__id__":2},"_contentSize":{"__type__":"cc.Size","width":750,"height":1334}},{"__type__":"cc.SpriteComponent","_name":"bg<SpriteComponent>","node":{"__id__":2},"_color":{"__type__":"cc.Color","a":150},"_spriteFrame":{"__uuid__":"edNTALYtpFZ552S9f8dXoY@f9941"},"_sizeMode":0},{"__type__":"cc.WidgetComponent","_name":"bg<WidgetComponent>","node":{"__id__":2},"_alignFlags":45,"_originalWidth":750,"_originalHeight":1334},{"__type__":"cc.ButtonComponent","node":{"__id__":2},"clickEvents":[{"__type__":"cc.ClickEvent","target":{"__id__":1},"_componentId":"fb267OzreZM6472coTEoDH3","handler":"closeDialog"}]}],"_prefab":{"__type__":"cc.PrefabInfo","root":{"__id__":1},"asset":{"__id__":0},"fileId":"ffaX8CTd5AgIAdj2IYlcvf","_synced":{"default":false,"serializable":false}},"_layer":33554432},{"__type__":"cc.Node","_name":"content","_parent":{"__id__":1},"_children":[{"__id__":4},{"__id__":5},{"__id__":8},{"__id__":9},{"__id__":13},{"__id__":18},{"__id__":23}],"_components":[{"__type__":"cc.UITransformComponent","_name":"kuang<UITransformComponent>","node":{"__id__":3},"_contentSize":{"__type__":"cc.Size","width":603,"height":496}},{"__type__":"cc.SpriteComponent","_name":"kuang<SpriteComponent>","node":{"__id__":3},"_spriteFrame":{"__uuid__":"bdnDOZSDdLQrDcwQfRQSNq@f9941"},"_type":1,"_sizeMode":0},{"__type__":"cc.BlockInputEventsComponent","node":{"__id__":3}}],"_prefab":{"__type__":"cc.PrefabInfo","root":{"__id__":1},"asset":{"__id__":0},"fileId":"07LJkV1zhG/JTJBnDByBdK","_synced":{"default":false,"serializable":false}},"_lpos":{"__type__":"cc.Vec3","y":106},"_layer":33554432},{"__type__":"cc.Node","_name":"t","_parent":{"__id__":3},"_components":[{"__type__":"cc.UITransformComponent","node":{"__id__":4},"_contentSize":{"__type__":"cc.Size","width":321.33,"height":88.2}},{"__type__":"cc.LabelComponent","node":{"__id__":4},"_string":"CONTINUE","_actualFontSize":60,"_fontSize":60,"_lineHeight":70,"_isBold":true},{"__type__":"cc.LabelOutlineComponent","node":{"__id__":4},"_color":{"__type__":"cc.Color"},"_width":4}],"_prefab":{"__type__":"cc.PrefabInfo","root":{"__id__":1},"asset":{"__id__":0},"fileId":"a9CW9h31ZKrY15sBVYEFVh","_synced":{"default":false,"serializable":false}},"_lpos":{"__type__":"cc.Vec3","y":69.401},"_layer":33554432},{"__type__":"cc.Node","_name":"fh","_parent":{"__id__":3},"_children":[{"__id__":6}],"_components":[{"__type__":"cc.UITransformComponent","node":{"__id__":5},"_contentSize":{"__type__":"cc.Size","width":138,"height":49}},{"__type__":"cc.SpriteComponent","node":{"__id__":5},"_spriteFrame":{"__uuid__":"a14A2sGPVFQ4dhrsBaFv+G@f9941"},"_sizeMode":2}],"_prefab":{"__type__":"cc.PrefabInfo","root":{"__id__":1},"asset":{"__id__":0},"fileId":"0cJITEnFdMoatRWMaK5efW","_synced":{"default":false,"serializable":false}},"_lpos":{"__type__":"cc.Vec3","x":-198.78,"y":201.355},"_layer":33554432},{"__type__":"cc.Node","_name":"c","_parent":{"__id__":5},"_components":[{"__type__":"cc.UITransformComponent","node":{"__id__":6},"_contentSize":{"__type__":"cc.Size","width":66.74,"height":50.4}},{"__id__":7}],"_prefab":{"__type__":"cc.PrefabInfo","root":{"__id__":1},"asset":{"__id__":0},"fileId":"fcdc+w8TtHlKf4F/OXlvTf","_synced":{"default":false,"serializable":false}},"_lpos":{"__type__":"cc.Vec3","x":20.023},"_layer":33554432},{"__type__":"cc.LabelComponent","node":{"__id__":6},"_string":"999","_actualFontSize":40,"_isBold":true},{"__type__":"cc.Node","_name":"i","_parent":{"__id__":3},"_components":[{"__type__":"cc.UITransformComponent","node":{"__id__":8},"_contentSize":{"__type__":"cc.Size","width":63,"height":62}},{"__type__":"cc.SpriteComponent","node":{"__id__":8},"_spriteFrame":{"__uuid__":"dbgBjOfCpB4oEqkze5Zfsb@f9941"},"_sizeMode":2}],"_prefab":{"__type__":"cc.PrefabInfo","root":{"__id__":1},"asset":{"__id__":0},"fileId":"70p1MDrORC8IOpnsbxqT8T","_synced":{"default":false,"serializable":false}},"_lpos":{"__type__":"cc.Vec3","x":-252.277,"y":202.336},"_layer":33554432},{"__type__":"cc.Node","_name":"pb","_parent":{"__id__":3},"_children":[{"__id__":10}],"_components":[{"__type__":"cc.UITransformComponent","node":{"__id__":9},"_contentSize":{"__type__":"cc.Size","width":420,"height":29}},{"__type__":"cc.SpriteComponent","node":{"__id__":9},"_color":{"__type__":"cc.Color","r":19,"g":49,"b":79},"_spriteFrame":{"__uuid__":"22In8ViIhHcJF8SaCkKSoS@f9941"},"_type":1,"_sizeMode":0},{"__id__":12}],"_prefab":{"__type__":"cc.PrefabInfo","root":{"__id__":1},"asset":{"__id__":0},"fileId":"c6rSRjH8FDRZETNLj0DyzI","_synced":{"default":false,"serializable":false}},"_lpos":{"__type__":"cc.Vec3","y":-17.348},"_layer":33554432},{"__type__":"cc.Node","_name":"b","_parent":{"__id__":9},"_components":[{"__type__":"cc.UITransformComponent","node":{"__id__":10},"_contentSize":{"__type__":"cc.Size","width":420,"height":29},"_anchorPoint":{"__type__":"cc.Vec2","y":0.5}},{"__id__":11}],"_prefab":{"__type__":"cc.PrefabInfo","root":{"__id__":1},"asset":{"__id__":0},"fileId":"2f4cZ2t9ZF+4Xbto4dyGyC","_synced":{"default":false,"serializable":false}},"_lpos":{"__type__":"cc.Vec3","x":-210},"_layer":33554432},{"__type__":"cc.SpriteComponent","node":{"__id__":10},"_color":{"__type__":"cc.Color","r":76,"g":212,"b":54},"_spriteFrame":{"__uuid__":"22In8ViIhHcJF8SaCkKSoS@f9941"},"_type":1,"_sizeMode":0},{"__type__":"cc.ProgressBarComponent","node":{"__id__":9},"_barSprite":{"__id__":11},"_totalLength":420,"_progress":1},{"__type__":"cc.Node","_name":"fhb","_parent":{"__id__":3},"_children":[{"__id__":14},{"__id__":15}],"_components":[{"__type__":"cc.UITransformComponent","node":{"__id__":13},"_contentSize":{"__type__":"cc.Size","width":179,"height":66}},{"__type__":"cc.SpriteComponent","node":{"__id__":13},"_spriteFrame":{"__uuid__":"e12QbrhhxKNaiZesr8DBsX@f9941"},"_sizeMode":2},{"__id__":17},{"__type__":"b9529yE3w1KxLeWvJjh3ic+","node":{"__id__":13}}],"_prefab":{"__type__":"cc.PrefabInfo","root":{"__id__":1},"asset":{"__id__":0},"fileId":"b6c7cuSxBN/YYU+MUwzEyj","_synced":{"default":false,"serializable":false}},"_lpos":{"__type__":"cc.Vec3","x":-124,"y":-134},"_layer":33554432},{"__type__":"cc.Node","_name":"i","_parent":{"__id__":13},"_components":[{"__type__":"cc.UITransformComponent","node":{"__id__":14},"_contentSize":{"__type__":"cc.Size","width":63,"height":62}},{"__type__":"cc.SpriteComponent","node":{"__id__":14},"_spriteFrame":{"__uuid__":"dbgBjOfCpB4oEqkze5Zfsb@f9941"},"_sizeMode":2}],"_prefab":{"__type__":"cc.PrefabInfo","root":{"__id__":1},"asset":{"__id__":0},"fileId":"bfSDYKSApOgaM2Agxw+52S","_synced":{"default":false,"serializable":false}},"_lpos":{"__type__":"cc.Vec3","x":20.831},"_lscale":{"__type__":"cc.Vec3","x":0.7,"y":0.7,"z":1},"_layer":33554432},{"__type__":"cc.Node","_name":"c","_parent":{"__id__":13},"_components":[{"__type__":"cc.UITransformComponent","node":{"__id__":15},"_contentSize":{"__type__":"cc.Size","width":22.25,"height":50.4}},{"__id__":16}],"_prefab":{"__type__":"cc.PrefabInfo","root":{"__id__":1},"asset":{"__id__":0},"fileId":"4fdUKf+qhC6LdYZlyFhHXv","_synced":{"default":false,"serializable":false}},"_lpos":{"__type__":"cc.Vec3","x":-26.578},"_layer":33554432},{"__type__":"cc.LabelComponent","node":{"__id__":15},"_color":{"__type__":"cc.Color","r":45,"g":50,"b":51},"_string":"5","_actualFontSize":40},{"__type__":"cc.ButtonComponent","node":{"__id__":13},"clickEvents":[{"__type__":"cc.ClickEvent","target":{"__id__":1},"_componentId":"fb267OzreZM6472coTEoDH3","handler":"onFuhuoClicked"}],"_transition":3},{"__type__":"cc.Node","_name":"adn","_parent":{"__id__":3},"_children":[{"__id__":19}],"_components":[{"__type__":"cc.UITransformComponent","node":{"__id__":18}}],"_prefab":{"__type__":"cc.PrefabInfo","root":{"__id__":1},"asset":{"__id__":0},"fileId":"9cCK5RTO5E8oZmC2Aal7TW","_synced":{"default":false,"serializable":false}},"_lpos":{"__type__":"cc.Vec3","x":124,"y":-134}},{"__type__":"cc.Node","_name":"adBtn","_parent":{"__id__":18},"_children":[{"__id__":20},{"__id__":21}],"_components":[{"__type__":"cc.UITransformComponent","node":{"__id__":19},"_contentSize":{"__type__":"cc.Size","width":179,"height":66}},{"__type__":"cc.SpriteComponent","node":{"__id__":19},"_spriteFrame":{"__uuid__":"e12QbrhhxKNaiZesr8DBsX@f9941"},"_sizeMode":2},{"__id__":22},{"__type__":"b9529yE3w1KxLeWvJjh3ic+","node":{"__id__":19}}],"_prefab":{"__type__":"cc.PrefabInfo","root":{"__id__":1},"asset":{"__id__":0},"fileId":"0egwwBqo9MJaCJ81WLfvNw","_synced":{"default":false,"serializable":false}},"_layer":33554432},{"__type__":"cc.Node","_name":"i","_parent":{"__id__":19},"_components":[{"__type__":"cc.UITransformComponent","node":{"__id__":20},"_contentSize":{"__type__":"cc.Size","width":47,"height":46}},{"__type__":"cc.SpriteComponent","node":{"__id__":20},"_spriteFrame":{"__uuid__":"6b0LFQ7uFBuKx+Pr5KpH2F@f9941"},"_sizeMode":2}],"_prefab":{"__type__":"cc.PrefabInfo","root":{"__id__":1},"asset":{"__id__":0},"fileId":"6etPdLzdZPmIUcHQpLJKVs","_synced":{"default":false,"serializable":false}},"_lpos":{"__type__":"cc.Vec3","x":-35.457},"_layer":33554432},{"__type__":"cc.Node","_name":"l","_parent":{"__id__":19},"_components":[{"__type__":"cc.UITransformComponent","node":{"__id__":21},"_contentSize":{"__type__":"cc.Size","width":71.57,"height":50.4}},{"__type__":"cc.LabelComponent","node":{"__id__":21},"_color":{"__type__":"cc.Color","r":45,"g":50,"b":51},"_string":"VIDEO","_actualFontSize":23,"_fontSize":23,"_isBold":true}],"_prefab":{"__type__":"cc.PrefabInfo","root":{"__id__":1},"asset":{"__id__":0},"fileId":"2bW5l43+NO7J/ftuu71xg7","_synced":{"default":false,"serializable":false}},"_lpos":{"__type__":"cc.Vec3","x":35.053},"_layer":33554432},{"__type__":"cc.ButtonComponent","node":{"__id__":19},"clickEvents":[{"__type__":"cc.ClickEvent","target":{"__id__":1},"_componentId":"fb267OzreZM6472coTEoDH3","handler":"onAdClicked"}],"_transition":3},{"__type__":"cc.Node","_name":"x","_parent":{"__id__":3},"_components":[{"__type__":"cc.UITransformComponent","node":{"__id__":23},"_contentSize":{"__type__":"cc.Size","width":59,"height":60}},{"__type__":"cc.SpriteComponent","node":{"__id__":23},"_spriteFrame":{"__uuid__":"5cIb36Io5LyY1QxuKuu4uN@f9941"},"_sizeMode":2},{"__type__":"cc.ButtonComponent","node":{"__id__":23},"clickEvents":[{"__type__":"cc.ClickEvent","target":{"__id__":1},"_componentId":"fb267OzreZM6472coTEoDH3","handler":"closeDialog"}],"_transition":3},{"__type__":"b9529yE3w1KxLeWvJjh3ic+","node":{"__id__":23}}],"_prefab":{"__type__":"cc.PrefabInfo","root":{"__id__":1},"asset":{"__id__":0},"fileId":"b1iPBzbWRGlY5aYmASugjI","_synced":{"default":false,"serializable":false}},"_lpos":{"__type__":"cc.Vec3","x":253.369,"y":199.972},"_layer":33554432},{"__type__":"cc.AnimationComponent","_name":"ContinueDialog<AnimationComponent>","node":{"__id__":1},"_clips":[{"__uuid__":"d0DiuKz/BF07dcmJMJzuW4"}],"_defaultClip":{"__uuid__":"d0DiuKz/BF07dcmJMJzuW4"}}],{"__type__":"cc.AnimationClip","_name":"continue","_duration":4,"_keys":[[0,4],[1.0666666666666667,1.1666666666666667]],"_curves":[{"modifiers":[{"__type__":"cc.animation.HierarchyPath","path":"content/pb"},{"__type__":"cc.animation.ComponentPath","component":"cc.ProgressBarComponent"},"progress"],"data":{"keys":0,"values":[1,0],"easingMethods":{}}},{"modifiers":[{"__type__":"cc.animation.HierarchyPath","path":"content/x"},{"__type__":"cc.animation.ComponentPath","component":"cc.SpriteComponent"},"color"],"data":{"keys":1,"values":[{"__type__":"cc.Color","r":255,"g":255,"b":255,"a":0},{"__type__":"cc.Color","r":255,"g":255,"b":255,"a":247}],"easingMethods":{}}}],"_hash":61249930}]
