[{"__type__":"cc.Mesh","_native":".bin","_struct":{"primitives":[{"primitiveMode":7,"vertexBundelIndices":[0],"indexView":{"offset":2880,"length":468,"count":234,"stride":2}}],"vertexBundles":[{"view":{"offset":0,"length":2880,"count":80,"stride":36},"attributes":[{"name":"a_position","format":32,"isNormalized":false},{"name":"a_texCoord","format":21,"isNormalized":false},{"name":"a_color","format":43,"isNormalized":false}]}],"minPosition":{"__type__":"cc.Vec3","x":-56.26044464111328,"y":-0.08106444776058197,"z":-0.000012207030522404239},"maxPosition":{"__type__":"cc.Vec3","x":56.26044464111328,"y":105.28614044189453}},"_dataLength":3348,"_hash":2813162782},{"__type__":"cc.Mesh","_native":".bin","_struct":{"primitives":[{"primitiveMode":7,"vertexBundelIndices":[0],"indexView":{"offset":560,"length":156,"count":78,"stride":2}}],"vertexBundles":[{"view":{"offset":0,"length":560,"count":28,"stride":20},"attributes":[{"name":"a_position","format":32,"isNormalized":false},{"name":"a_texCoord","format":21,"isNormalized":false}]}],"minPosition":{"__type__":"cc.Vec3","x":-0.4915325939655304,"y":-0.4915325939655304},"maxPosition":{"__type__":"cc.Vec3","x":0.4915325939655304,"y":0.4915325939655304}},"_dataLength":716,"_hash":4088795617},{"__type__":"cc.Material","_effectAsset":{"__uuid__":"eeEKUQ8ClHtq7YNU0oNyGN"},"_techIdx":1,"_defines":[{}],"_states":[{"blendState":{"targets":[{}]},"depthStencilState":{},"rasterizerState":{}}],"_props":[{"allOffset":{"__type__":"cc.Vec4","x":-2,"y":-4},"dist":180,"mainTexture":{"__uuid__":"1erDNfN5JBcb+wdobhFztW@6c48a"}}]},{"__type__":"cc.SpriteFrame","content":{"name":"loding","rect":{"x":0,"y":0,"width":99,"height":99},"offset":{"x":0,"y":0},"originalSize":{"width":99,"height":99},"rotated":false,"capInsets":[0,0,0,0],"texture":"08cPRs6RBEr5muIxY73lJB@6c48a"}},{"__type__":"cc.Mesh","_native":".bin","_struct":{"primitives":[{"primitiveMode":7,"vertexBundelIndices":[0],"indexView":{"offset":5808,"length":1200,"count":600,"stride":2}}],"vertexBundles":[{"view":{"offset":0,"length":5808,"count":121,"stride":48},"attributes":[{"name":"a_position","format":32,"isNormalized":false},{"name":"a_normal","format":32,"isNormalized":false},{"name":"a_texCoord","format":21,"isNormalized":false},{"name":"a_tangent","format":43,"isNormalized":false}]}],"minPosition":{"__type__":"cc.Vec3","x":-5,"z":-5},"maxPosition":{"__type__":"cc.Vec3","x":5,"z":5}},"_dataLength":7008,"_hash":3084190921},{"__type__":"cc.Mesh","_native":".bin","_struct":{"primitives":[{"primitiveMode":7,"vertexBundelIndices":[0],"indexView":{"offset":80,"length":12,"count":6,"stride":2}}],"vertexBundles":[{"view":{"offset":0,"length":80,"count":4,"stride":20},"attributes":[{"name":"a_position","format":32,"isNormalized":false},{"name":"a_texCoord","format":21,"isNormalized":false}]}],"minPosition":{"__type__":"cc.Vec3","x":-0.06804125756025314,"y":-0.06804125756025314,"z":6.776263426573109e-23},"maxPosition":{"__type__":"cc.Vec3","x":0.06804125756025314,"y":0.06804125756025314,"z":6.776263426573109e-23}},"_dataLength":92,"_hash":1126699892},{"__type__":"cc.Material","_effectAsset":{"__uuid__":"a3zQCfCrBCDZJ4uf2rk5u8"},"_techIdx":1,"_defines":[{"USE_TEXTURE":true}],"_states":[{"blendState":{"targets":[{}]},"depthStencilState":{},"rasterizerState":{}}],"_props":[{"mainColor":{"__type__":"cc.Color","r":255,"g":255,"b":255,"a":0},"mainTexture":{"__uuid__":"4fZuE1pSNPeK4I9e2mARQg@6c48a"}}]},{"__type__":"cc.Material","_effectAsset":{"__uuid__":"a3zQCfCrBCDZJ4uf2rk5u8"},"_defines":[{"USE_TEXTURE":true}],"_states":[{"blendState":{"targets":[{}]},"depthStencilState":{},"rasterizerState":{}}],"_props":[{"mainTexture":{"__uuid__":"4dtosVbGhKeY2pxaZV3tjb@6c48a"}}]},{"__type__":"cc.EffectAsset","_name":"builtin-unlit","techniques":[{"name":"opaque","passes":[{"program":"builtin-unlit|unlit-vs:vert|unlit-fs:frag","properties":{"mainTexture":{"value":"grey","type":28},"tilingOffset":{"value":[1,1,0,0],"type":16},"mainColor":{"value":[1,1,1,1],"type":16},"colorScale":{"value":[1,1,1],"type":15,"handleInfo":["colorScaleAndCutoff",0,15]},"alphaThreshold":{"value":[0.5],"type":13,"handleInfo":["colorScaleAndCutoff",3,13]},"color":{"type":16,"handleInfo":["mainColor",0,16]},"colorScaleAndCutoff":{"type":16,"value":[1,1,1,0.5]}}}]},{"name":"transparent","passes":[{"blendState":{"targets":[{"blend":true,"blendSrc":2,"blendDst":4,"blendDstAlpha":4}]},"program":"builtin-unlit|unlit-vs:vert|unlit-fs:frag","depthStencilState":{"depthTest":true,"depthWrite":false},"properties":{"mainTexture":{"value":"grey","type":28},"tilingOffset":{"value":[1,1,0,0],"type":16},"mainColor":{"value":[1,1,1,1],"type":16},"colorScale":{"value":[1,1,1],"type":15,"handleInfo":["colorScaleAndCutoff",0,15]},"alphaThreshold":{"value":[0.5],"type":13,"handleInfo":["colorScaleAndCutoff",3,13]},"color":{"type":16,"handleInfo":["mainColor",0,16]},"colorScaleAndCutoff":{"type":16,"value":[1,1,1,0.5]}}}]},{"name":"add","passes":[{"rasterizerState":{"cullMode":0},"blendState":{"targets":[{"blend":true,"blendSrc":2,"blendDst":1,"blendSrcAlpha":2,"blendDstAlpha":1}]},"program":"builtin-unlit|unlit-vs:vert|unlit-fs:frag","depthStencilState":{"depthTest":true,"depthWrite":false},"properties":{"mainTexture":{"value":"grey","type":28},"tilingOffset":{"value":[1,1,0,0],"type":16},"mainColor":{"value":[1,1,1,1],"type":16},"colorScale":{"value":[1,1,1],"type":15,"handleInfo":["colorScaleAndCutoff",0,15]},"alphaThreshold":{"value":[0.5],"type":13,"handleInfo":["colorScaleAndCutoff",3,13]},"color":{"type":16,"handleInfo":["mainColor",0,16]},"colorScaleAndCutoff":{"type":16,"value":[1,1,1,0.5]}}}]},{"name":"alpha-blend","passes":[{"rasterizerState":{"cullMode":0},"blendState":{"targets":[{"blend":true,"blendSrc":2,"blendDst":4,"blendSrcAlpha":2,"blendDstAlpha":4}]},"program":"builtin-unlit|unlit-vs:vert|unlit-fs:frag","depthStencilState":{"depthTest":true,"depthWrite":false},"properties":{"mainTexture":{"value":"grey","type":28},"tilingOffset":{"value":[1,1,0,0],"type":16},"mainColor":{"value":[1,1,1,1],"type":16},"colorScale":{"value":[1,1,1],"type":15,"handleInfo":["colorScaleAndCutoff",0,15]},"alphaThreshold":{"value":[0.5],"type":13,"handleInfo":["colorScaleAndCutoff",3,13]},"color":{"type":16,"handleInfo":["mainColor",0,16]},"colorScaleAndCutoff":{"type":16,"value":[1,1,1,0.5]}}}]}],"shaders":[{"hash":2650624157,"glsl1":{"vert":"\nprecision highp float;\nstruct StandardVertInput {\n  highp vec4 position;\n  vec3 normal;\n  vec4 tangent;\n};\nattribute vec3 a_position;\n#if CC_USE_MORPH\n    attribute float a_vertexId;\n    int getVertexId() {\n        return int(a_vertexId);\n    }\nuniform vec4 cc_displacementWeights[15];\nuniform vec4 cc_displacementTextureInfo;\n    vec4 fetchFlatPixel(sampler2D tex, int pixelIndex) {\n        float pixelIndexF = float(pixelIndex);\n        vec2 textureResolution = vec2(float(cc_displacementTextureInfo.x), float(cc_displacementTextureInfo.y));\n        float pixelX = mod(pixelIndexF, textureResolution.x);\n        float pixelY = floor(pixelIndexF / textureResolution.x);\n        vec2 uv = (vec2(pixelX, pixelY) + .5) / textureResolution;\n        return texture2D(tex, uv);\n    }\nfloat getDisplacementWeight(int index) {\n    float m = mod(float(index), 4.0);\n    if (m < 1.0) {\n        return cc_displacementWeights[index / 4].x;\n    } else if (m < 2.0) {\n        return cc_displacementWeights[index / 4].y;\n    } else if (m < 3.0) {\n        return cc_displacementWeights[index / 4].z;\n    } else {\n        return cc_displacementWeights[index / 4].w;\n    }\n}\nvec3 getVec3DisplacementFromTexture(sampler2D tex, int vertexIndex) {\n#if CC_MORPH_PRECOMPUTED\n    return fetchFlatPixel(tex, vertexIndex).rgb;\n#else\n    vec3 result = vec3(0, 0, 0);\n    for (int iTarget = 0; iTarget < CC_MORPH_TARGET_COUNT; ++iTarget) {\n        int dataPixelStart = int(fetchFlatPixel(tex, iTarget).r);\n        result += (fetchFlatPixel(tex, dataPixelStart + vertexIndex).rgb * getDisplacementWeight(iTarget));\n    }\n    return result;\n#endif\n}\n#if CC_MORPH_TARGET_HAS_POSITION\n    uniform sampler2D cc_PositionDisplacements;\n    vec3 getPositionDisplacement(int vertexId) {\n        return getVec3DisplacementFromTexture(cc_PositionDisplacements, vertexId);\n    }\n#endif\n#if CC_MORPH_TARGET_HAS_NORMAL\n    uniform sampler2D cc_NormalDisplacements;\n    vec3 getNormalDisplacement(int vertexId) {\n        return getVec3DisplacementFromTexture(cc_NormalDisplacements, vertexId);\n    }\n#endif\n#if CC_MORPH_TARGET_HAS_TANGENT\n    uniform sampler2D cc_TangentDisplacements;\n    vec3 getTangentDisplacement(int vertexId) {\n        return getVec3DisplacementFromTexture(cc_TangentDisplacements, vertexId);\n    }\n#endif\nvoid applyMorph (inout StandardVertInput attr) {\n    int vertexId = getVertexId();\n#if CC_MORPH_TARGET_HAS_POSITION\n    attr.position.xyz = attr.position.xyz + getPositionDisplacement(vertexId);\n#endif\n#if CC_MORPH_TARGET_HAS_NORMAL\n    attr.normal.xyz = attr.normal.xyz + getNormalDisplacement(vertexId);\n#endif\n#if CC_MORPH_TARGET_HAS_TANGENT\n    attr.tangent.xyz = attr.tangent.xyz + getTangentDisplacement(vertexId);\n#endif\n}\nvoid applyMorph (inout vec4 position) {\n#if CC_MORPH_TARGET_HAS_POSITION\n    position.xyz = position.xyz + getPositionDisplacement(getVertexId());\n#endif\n}\n#endif\n#if CC_USE_SKINNING\nattribute vec4 a_weights;\nattribute vec4 a_joints;\nhighp float decode32 (highp vec4 rgba) {\n  rgba = rgba * 255.0;\n  highp float Sign = 1.0 - step(127.99, rgba[3]) * 2.0;\n  highp float Exponent = 2.0 * mod(rgba[3], 127.99) + step(128.0, rgba[2]) - 127.0;\n  highp float Mantissa = mod(rgba[2], 128.0) * 65536.0 + rgba[1] * 256.0 + rgba[0] + 8388608.0;\n  return Sign * exp2(Exponent - 23.0) * Mantissa;\n}\n#if CC_USE_BAKED_ANIMATION\n  #if USE_INSTANCING\n    attribute highp vec4 a_jointAnimInfo;\n  #endif\n  uniform highp vec4 cc_jointTextureInfo;\n  uniform highp vec4 cc_jointAnimInfo;\n  uniform sampler2D cc_jointTexture;\n  #else\n  uniform highp vec4 cc_joints[90];\n#endif\n#if CC_USE_BAKED_ANIMATION\n  #if CC_SUPPORT_FLOAT_TEXTURE\n    mat4 getJointMatrix (float i) {\n    #if USE_INSTANCING\n      highp float j = 3.0 * (a_jointAnimInfo.x * a_jointAnimInfo.y + i) + a_jointAnimInfo.z;\n    #else\n      highp float j = 3.0 * (cc_jointAnimInfo.x * cc_jointTextureInfo.y + i) + cc_jointTextureInfo.z;\n    #endif\n    highp float invSize = cc_jointTextureInfo.w;\n    highp float y = floor(j * invSize);\n    highp float x = j - y * cc_jointTextureInfo.x;\n    y = (y + 0.5) * invSize;\n      vec4 v1 = texture2D(cc_jointTexture, vec2((x + 0.5) * invSize, y));\n      vec4 v2 = texture2D(cc_jointTexture, vec2((x + 1.5) * invSize, y));\n      vec4 v3 = texture2D(cc_jointTexture, vec2((x + 2.5) * invSize, y));\n      return mat4(vec4(v1.xyz, 0.0), vec4(v2.xyz, 0.0), vec4(v3.xyz, 0.0), vec4(v1.w, v2.w, v3.w, 1.0));\n    }\n  #else\n    mat4 getJointMatrix (float i) {\n    #if USE_INSTANCING\n      highp float j = 12.0 * (a_jointAnimInfo.x * a_jointAnimInfo.y + i) + a_jointAnimInfo.z;\n    #else\n      highp float j = 12.0 * (cc_jointAnimInfo.x * cc_jointTextureInfo.y + i) + cc_jointTextureInfo.z;\n    #endif\n    highp float invSize = cc_jointTextureInfo.w;\n    highp float y = floor(j * invSize);\n    highp float x = j - y * cc_jointTextureInfo.x;\n    y = (y + 0.5) * invSize;\n      vec4 v1 = vec4(\n        decode32(texture2D(cc_jointTexture, vec2((x + 0.5) * invSize, y))),\n        decode32(texture2D(cc_jointTexture, vec2((x + 1.5) * invSize, y))),\n        decode32(texture2D(cc_jointTexture, vec2((x + 2.5) * invSize, y))),\n        decode32(texture2D(cc_jointTexture, vec2((x + 3.5) * invSize, y)))\n      );\n      vec4 v2 = vec4(\n        decode32(texture2D(cc_jointTexture, vec2((x + 4.5) * invSize, y))),\n        decode32(texture2D(cc_jointTexture, vec2((x + 5.5) * invSize, y))),\n        decode32(texture2D(cc_jointTexture, vec2((x + 6.5) * invSize, y))),\n        decode32(texture2D(cc_jointTexture, vec2((x + 7.5) * invSize, y)))\n      );\n      vec4 v3 = vec4(\n        decode32(texture2D(cc_jointTexture, vec2((x + 8.5) * invSize, y))),\n        decode32(texture2D(cc_jointTexture, vec2((x + 9.5) * invSize, y))),\n        decode32(texture2D(cc_jointTexture, vec2((x + 10.5) * invSize, y))),\n        decode32(texture2D(cc_jointTexture, vec2((x + 11.5) * invSize, y)))\n      );\n      return mat4(vec4(v1.xyz, 0.0), vec4(v2.xyz, 0.0), vec4(v3.xyz, 0.0), vec4(v1.w, v2.w, v3.w, 1.0));\n    }\n  #endif\n#else\n  mat4 getJointMatrix (float i) {\n    int idx = int(i);\n    vec4 v1 = cc_joints[idx * 3];\n    vec4 v2 = cc_joints[idx * 3 + 1];\n    vec4 v3 = cc_joints[idx * 3 + 2];\n    return mat4(vec4(v1.xyz, 0.0), vec4(v2.xyz, 0.0), vec4(v3.xyz, 0.0), vec4(v1.w, v2.w, v3.w, 1.0));\n  }\n#endif\nmat4 skinMatrix () {\n  return getJointMatrix(a_joints.x) * a_weights.x\n       + getJointMatrix(a_joints.y) * a_weights.y\n       + getJointMatrix(a_joints.z) * a_weights.z\n       + getJointMatrix(a_joints.w) * a_weights.w;\n}\nvoid CCSkin (inout vec4 position) {\n  mat4 m = skinMatrix();\n  position = m * position;\n}\nvoid CCSkin (inout StandardVertInput attr) {\n  mat4 m = skinMatrix();\n  attr.position = m * attr.position;\n  attr.normal = (m * vec4(attr.normal, 0.0)).xyz;\n  attr.tangent.xyz = (m * vec4(attr.tangent.xyz, 0.0)).xyz;\n}\n#endif\nuniform highp mat4 cc_matView;\nuniform highp mat4 cc_matProj;\n#if USE_INSTANCING\n  attribute vec4 a_matWorld0;\n  attribute vec4 a_matWorld1;\n  attribute vec4 a_matWorld2;\n#if USE_LIGHTMAP\n  attribute vec4 a_lightingMapUVParam;\n#endif\n#elif USE_BATCHING\n  attribute float a_dyn_batch_id;\n  uniform highp mat4 cc_matWorlds[10];\n#else\nuniform highp mat4 cc_matWorld;\n#endif\n#if USE_VERTEX_COLOR\n  attribute vec4 a_color;\n  varying vec4 v_color;\n#endif\n#if USE_TEXTURE\n  attribute vec2 a_texCoord;\n  varying vec2 v_uv;\n  uniform vec4 tilingOffset;\n#endif\nvec4 vert () {\n  vec4 position;\n  position = vec4(a_position, 1.0);\n  #if CC_USE_MORPH\n    applyMorph(position);\n  #endif\n  #if CC_USE_SKINNING\n    CCSkin(position);\n  #endif\n  mat4 matWorld;\n  #if USE_INSTANCING\n    matWorld = mat4(\n      vec4(a_matWorld0.xyz, 0.0),\n      vec4(a_matWorld1.xyz, 0.0),\n      vec4(a_matWorld2.xyz, 0.0),\n      vec4(a_matWorld0.w, a_matWorld1.w, a_matWorld2.w, 1.0)\n    );\n  #elif USE_BATCHING\n    matWorld = cc_matWorlds[int(a_dyn_batch_id)];\n  #else\n    matWorld = cc_matWorld;\n  #endif\n  #if USE_TEXTURE\n    v_uv = a_texCoord;\n    #if FLIP_UV\n      v_uv.y = 1.0 - v_uv.y;\n    #endif\n    v_uv = v_uv * tilingOffset.xy + tilingOffset.zw;\n  #endif\n  #if USE_VERTEX_COLOR\n    v_color = a_color;\n  #endif\n  return cc_matProj * (cc_matView * matWorld) * position;\n}\nvoid main() { gl_Position = vert(); }","frag":"\nprecision mediump float;\nuniform mediump vec4 cc_exposure;\nvec3 SRGBToLinear (vec3 gamma) {\n  return gamma * gamma;\n}\nvec4 CCFragOutput (vec4 color) {\n  #if CC_USE_HDR\n    color.rgb = mix(color.rgb, SRGBToLinear(color.rgb) * cc_exposure.w, vec3(cc_exposure.z));\n  #endif\n  return color;\n}\n#if USE_ALPHA_TEST\n#endif\n#if USE_TEXTURE\n  varying vec2 v_uv;\n  uniform sampler2D mainTexture;\n#endif\nuniform vec4 mainColor;\nuniform vec4 colorScaleAndCutoff;\n#if USE_VERTEX_COLOR\n  varying vec4 v_color;\n#endif\nvec4 frag () {\n  vec4 o = mainColor;\n  o.rgb *= colorScaleAndCutoff.xyz;\n  #if USE_VERTEX_COLOR\n    o *= v_color;\n  #endif\n  #if USE_TEXTURE\n    o *= texture2D(mainTexture, v_uv);\n  #endif\n  #if USE_ALPHA_TEST\n    if (o.ALPHA_TEST_CHANNEL < colorScaleAndCutoff.w) discard;\n  #endif\n  return CCFragOutput(o);\n}\nvoid main() { gl_FragColor = frag(); }"},"builtins":{"globals":{"blocks":[{"name":"CCGlobal","defines":[]}],"samplers":[]},"locals":{"blocks":[{"name":"CCMorph","defines":["CC_USE_MORPH"]},{"name":"CCSkinningTexture","defines":["CC_USE_SKINNING","CC_USE_BAKED_ANIMATION"]},{"name":"CCSkinningAnimation","defines":["CC_USE_SKINNING","CC_USE_BAKED_ANIMATION"]},{"name":"CCSkinning","defines":["CC_USE_SKINNING","!CC_USE_BAKED_ANIMATION"]},{"name":"CCLocalBatched","defines":["!USE_INSTANCING","USE_BATCHING"]},{"name":"CCLocal","defines":["!USE_INSTANCING","!USE_BATCHING"]}],"samplers":[{"name":"cc_PositionDisplacements","defines":["CC_USE_MORPH","CC_MORPH_TARGET_HAS_POSITION"]},{"name":"cc_NormalDisplacements","defines":["CC_USE_MORPH","CC_MORPH_TARGET_HAS_NORMAL"]},{"name":"cc_TangentDisplacements","defines":["CC_USE_MORPH","CC_MORPH_TARGET_HAS_TANGENT"]},{"name":"cc_jointTexture","defines":["CC_USE_SKINNING","CC_USE_BAKED_ANIMATION"]}]}},"defines":[{"name":"CC_USE_MORPH","type":"boolean"},{"name":"CC_MORPH_TARGET_COUNT","type":"number","range":[2,8]},{"name":"CC_MORPH_PRECOMPUTED","type":"boolean"},{"name":"CC_MORPH_TARGET_HAS_POSITION","type":"boolean"},{"name":"CC_MORPH_TARGET_HAS_NORMAL","type":"boolean"},{"name":"CC_MORPH_TARGET_HAS_TANGENT","type":"boolean"},{"name":"CC_USE_SKINNING","type":"boolean"},{"name":"CC_USE_BAKED_ANIMATION","type":"boolean"},{"name":"USE_INSTANCING","type":"boolean"},{"name":"CC_SUPPORT_FLOAT_TEXTURE","type":"boolean"},{"name":"USE_BATCHING","type":"boolean"},{"name":"USE_LIGHTMAP","type":"boolean"},{"name":"USE_VERTEX_COLOR","type":"boolean"},{"name":"USE_TEXTURE","type":"boolean"},{"name":"FLIP_UV","type":"boolean"},{"name":"CC_USE_HDR","type":"boolean"},{"name":"USE_ALPHA_TEST","type":"boolean"},{"name":"ALPHA_TEST_CHANNEL","type":"string","options":["a","r","g","b"]}],"blocks":[{"name":"TexCoords","members":[{"name":"tilingOffset","type":16,"count":1}],"defines":["USE_TEXTURE"],"binding":0},{"name":"Constant","members":[{"name":"mainColor","type":16,"count":1},{"name":"colorScaleAndCutoff","type":16,"count":1}],"defines":[],"binding":1}],"samplers":[{"name":"mainTexture","type":28,"count":1,"defines":["USE_TEXTURE"],"binding":31}],"attributes":[{"name":"a_position","type":15,"count":1,"defines":[],"format":32,"location":0},{"name":"a_vertexId","type":13,"count":1,"defines":["CC_USE_MORPH"],"format":11,"location":1},{"name":"a_weights","type":16,"count":1,"defines":["CC_USE_SKINNING"],"format":43,"location":2},{"name":"a_joints","type":16,"count":1,"defines":["CC_USE_SKINNING"],"format":43,"location":3},{"name":"a_jointAnimInfo","type":16,"count":1,"precision":"highp ","defines":["CC_USE_SKINNING","CC_USE_BAKED_ANIMATION","USE_INSTANCING"],"format":43,"isInstanced":true,"location":4},{"name":"a_matWorld0","type":16,"count":1,"defines":["USE_INSTANCING"],"format":43,"isInstanced":true,"location":5},{"name":"a_matWorld1","type":16,"count":1,"defines":["USE_INSTANCING"],"format":43,"isInstanced":true,"location":6},{"name":"a_matWorld2","type":16,"count":1,"defines":["USE_INSTANCING"],"format":43,"isInstanced":true,"location":7},{"name":"a_lightingMapUVParam","type":16,"count":1,"defines":["USE_INSTANCING","USE_LIGHTMAP"],"format":43,"isInstanced":true,"location":8},{"name":"a_dyn_batch_id","type":13,"count":1,"defines":["!USE_INSTANCING","USE_BATCHING"],"format":11,"location":9},{"name":"a_color","type":16,"count":1,"defines":["USE_VERTEX_COLOR"],"format":43,"location":10},{"name":"a_texCoord","type":14,"count":1,"defines":["USE_TEXTURE"],"format":21,"location":11}],"record":null,"name":"builtin-unlit|unlit-vs:vert|unlit-fs:frag"}]},{"__type__":"cc.Material","_effectAsset":{"__uuid__":"a3zQCfCrBCDZJ4uf2rk5u8"},"_defines":[{"USE_TEXTURE":true}],"_states":[{"blendState":{"targets":[{}]},"depthStencilState":{},"rasterizerState":{}}],"_props":[{"mainTexture":{"__uuid__":"115tzELJ9EN7jz39GSwxwk@6c48a"}}]},{"__type__":"cc.Material","_effectAsset":{"__uuid__":"eeEKUQ8ClHtq7YNU0oNyGN"},"_techIdx":1,"_defines":[{}],"_states":[{"blendState":{"targets":[{}]},"depthStencilState":{},"rasterizerState":{"cullMode":0}}],"_props":[{"allOffset":{"__type__":"cc.Vec4","x":-2,"y":-4},"dist":180,"mainTexture":{"__uuid__":"4fZuE1pSNPeK4I9e2mARQg@6c48a"}}]},[{"__type__":"cc.SceneAsset","scene":{"__id__":1}},{"__type__":"cc.Scene","_children":[{"__id__":2},{"__id__":49},{"__id__":19}],"_globals":{"__type__":"cc.SceneGlobals","ambient":{"__type__":"cc.AmbientInfo"},"planarShadows":{"__type__":"cc.PlanarShadowInfo"},"_skybox":{"__type__":"cc.SkyboxInfo"}}},{"__type__":"cc.Node","_name":"GameMain","_parent":{"__id__":1},"_children":[{"__id__":3},{"__id__":5},{"__id__":56},{"__id__":48}],"_components":[{"__id__":46},{"__id__":47}],"_id":"a3WlcMIm9JwZLK8sJQIxT8"},{"__type__":"cc.Node","_name":"GameCamera","_parent":{"__id__":2},"_children":[{"__id__":4}],"_components":[{"__type__":"cc.CameraComponent","_name":"Camera<CameraComponent>","node":{"__id__":3},"_near":20,"_color":{"__type__":"cc.Color","r":128,"g":217,"b":253},"_visibility":"1821900799"}],"_lpos":{"__type__":"cc.Vec3","y":40,"z":70},"_lrot":{"__type__":"cc.Quat","x":-0.17364817766693033,"w":0.9848077530122079},"_euler":{"__type__":"cc.Vec3","x":-19.999999999999996}},{"__type__":"cc.Node","_name":"beijing","_parent":{"__id__":3},"_components":[{"__type__":"cc.ModelComponent","node":{"__id__":4},"_materials":[{"__uuid__":"c1x3cyamJF2LPZietCT/Pq"}],"lightmapSettings":{"__type__":"cc.ModelLightmapSettings"},"_mesh":{"__uuid__":"4bwb3svQ1GD7MSxPe5aSaG@c495a"}}],"_lpos":{"__type__":"cc.Vec3","y":30.000000000000053,"z":-999},"_lscale":{"__type__":"cc.Vec3","x":5.029748606681812,"y":3.0479999542236347,"z":2.539999961853031},"_euler":{"__type__":"cc.Vec3","x":0.0000025462193654190256}},{"__type__":"cc.Node","_name":"Player","_parent":{"__id__":2},"_children":[{"__id__":6}],"_components":[{"__id__":16},{"__id__":55}]},{"__type__":"cc.Node","_name":"displayNode","_parent":{"__id__":5},"_children":[{"__id__":7},{"__id__":8},{"__id__":12},{"__id__":15}],"_lrot":{"__type__":"cc.Quat","y":1,"w":6.123233995736766e-17},"_lscale":{"__type__":"cc.Vec3","x":3,"y":3,"z":3},"_euler":{"__type__":"cc.Vec3","y":180}},{"__type__":"cc.Node","_name":"shdow","_parent":{"__id__":6},"_components":[{"__type__":"cc.ModelComponent","node":{"__id__":7},"_materials":[{"__uuid__":"47DLOD7k1Fvqsy0pzdBFnZ"}],"lightmapSettings":{"__type__":"cc.ModelLightmapSettings"},"_mesh":{"__uuid__":"24isUP1jxErY7tpK6NJNoR@0c30b"}}],"_lrot":{"__type__":"cc.Quat","x":4.329780281177467e-17,"y":0.7071067811865475,"z":0.7071067811865476,"w":-4.3297802811774664e-17},"_lscale":{"__type__":"cc.Vec3","x":2.53999996185303,"y":2.53999996185303,"z":2.53999996185303},"_euler":{"__type__":"cc.Vec3","x":-90.00000000000003,"y":-180}},{"__type__":"cc.Node","_name":"jinzhuantexiao","_parent":{"__id__":6},"_children":[{"__id__":9}],"_components":[{"__id__":11}],"_prefab":{"__type__":"cc.PrefabInfo","root":{"__id__":8},"fileId":"42Fj3LEaRIbKG0B9aRrnuR","_synced":{}},"_lpos":{"__type__":"cc.Vec3","y":2,"z":1.345}},{"__type__":"cc.Node","_name":"RootNode","_parent":{"__id__":8},"_children":[{"__id__":10}],"_prefab":{"__type__":"cc.PrefabInfo","root":{"__id__":8},"fileId":"efpywCIqBA9o1SKx3dYIEL","_synced":{"default":false,"serializable":false}}},{"__type__":"cc.Node","_name":"NGon005","_parent":{"__id__":9},"_components":[{"__type__":"cc.ModelComponent","node":{"__id__":10},"_materials":[{"__uuid__":"50VMbhtkdGSpWt+Mp4OGUn"}],"lightmapSettings":{"__type__":"cc.ModelLightmapSettings"},"_mesh":{"__uuid__":"36UvZFyEdG4rkFLklH2snN@9f783"}}],"_prefab":{"__type__":"cc.PrefabInfo","root":{"__id__":8},"fileId":"69FzJDJ4tM5bTEGGjnT6HX","_synced":{"default":false,"serializable":false}},"_lrot":{"__type__":"cc.Quat","x":0.3826834370613301,"y":-0.923879530566021,"z":-1.2201313158576476e-7,"w":1.4404669619652668e-7},"_lscale":{"__type__":"cc.Vec3","x":30,"y":30,"z":10},"_euler":{"__type__":"cc.Vec3","x":-0.000009334666015684295,"y":-179.999986,"z":-45.00000058249048}},{"__type__":"cc.AnimationComponent","_name":"jinzhuantexiao<AnimationComponent>","node":{"__id__":8},"_clips":[{"__uuid__":"dfq/yOgtNEeKeT4aBuPzYl"}],"_defaultClip":{"__uuid__":"dfq/yOgtNEeKeT4aBuPzYl"}},{"__type__":"cc.Node","_name":"xingxing","_parent":{"__id__":6},"_children":[{"__id__":13}],"_components":[{"__type__":"cc.AnimationComponent","node":{"__id__":12},"playOnLoad":true,"_clips":[{"__uuid__":"e1zLqupQ9NTqOUG3K2G7j9@73b7f"}],"_defaultClip":{"__uuid__":"e1zLqupQ9NTqOUG3K2G7j9@73b7f"}}],"_prefab":{"__type__":"cc.PrefabInfo","root":{"__id__":12},"fileId":"fbZTnf6g5GELGPTeJ+QanM","_synced":{}},"_lpos":{"__type__":"cc.Vec3","y":4},"_lscale":{"__type__":"cc.Vec3","x":0.5,"y":0.5,"z":0.5}},{"__type__":"cc.Node","_name":"RootNode","_parent":{"__id__":12},"_children":[{"__id__":14}],"_prefab":{"__type__":"cc.PrefabInfo","root":{"__id__":12},"fileId":"bd8D9OJS5LpbD6l+rT13Hx","_synced":{"default":false,"serializable":false}}},{"__type__":"cc.Node","_name":"Cylinder001","_parent":{"__id__":13},"_components":[{"__type__":"cc.ModelComponent","node":{"__id__":14},"_materials":[{"__uuid__":"d1umktHvBP0JkLMlrO/HeX"}],"lightmapSettings":{"__type__":"cc.ModelLightmapSettings"},"_mesh":{"__uuid__":"e1zLqupQ9NTqOUG3K2G7j9@c6160"}}],"_prefab":{"__type__":"cc.PrefabInfo","root":{"__id__":12},"fileId":"cdfnB4oMlLG7BL/iPvfY8G","_synced":{"default":false,"serializable":false}},"_lrot":{"__type__":"cc.Quat","x":-0.7071067811865476,"w":0.7071067811865476},"_euler":{"__type__":"cc.Vec3","x":-90.00000000000003}},{"__type__":"cc.Node","_name":"skinNode","_parent":{"__id__":6}},{"__type__":"03faeDVm/xOGbQvfE1UN0Ai","_name":"Player<PlayerController>","node":{"__id__":5},"inputControl":{"__id__":17},"playerSpereCollider":{"__id__":55},"collectCoinAnim":{"__id__":11},"xingxingNode":{"__id__":12},"roleNode":{"__id__":6},"shadowNode":{"__id__":7},"camaraNode":{"__id__":3},"skinNode":{"__id__":15}},{"__type__":"b475anF6ClORL+td5Cb9woO","_name":"InputControl<InputControl>","node":{"__id__":18}},{"__type__":"cc.Node","_name":"InputControl","_parent":{"__id__":19},"_components":[{"__id__":17},{"__type__":"cc.UITransformComponent","_name":"InputControl<UITransformComponent>","node":{"__id__":18},"_contentSize":{"__type__":"cc.Size","width":750,"height":1334}},{"__type__":"cc.WidgetComponent","_name":"InputControl<WidgetComponent>","node":{"__id__":18},"_enabled":false,"_alignFlags":45,"_target":{"__id__":19},"_originalWidth":750,"_originalHeight":1334}],"_lpos":{"__type__":"cc.Vec3","z":-1},"_layer":33554432},{"__type__":"cc.Node","_name":"UICanvas","_parent":{"__id__":1},"_children":[{"__id__":18},{"__id__":20},{"__id__":21},{"__id__":38},{"__id__":40},{"__id__":43}],"_components":[{"__type__":"cc.UITransformComponent","node":{"__id__":19},"_contentSize":{"__type__":"cc.Size","width":750,"height":1334}},{"__type__":"cc.CanvasComponent","node":{"__id__":19},"_priority":1},{"__type__":"b3657bJMU9AUpy/PRVlxZfO","node":{"__id__":19},"pages":{"__id__":20},"quanLoadingNode":{"__id__":43},"tipNode":{"__id__":40},"gameMain":{"__id__":46},"effectMgr":{"__id__":39}},{"__type__":"9c71bhZmiJGjIf7TA2W4jeZ","node":{"__id__":19},"shopNode":{"__id__":49},"gameNode":{"__id__":2},"roleNode":{"__id__":53}}],"_lpos":{"__type__":"cc.Vec3","x":375,"y":667,"z":1},"_layer":33554432,"_id":"b2CgYSU8RLe5+u0SHEmtdz"},{"__type__":"cc.Node","_name":"pages","_parent":{"__id__":19},"_components":[{"__type__":"cc.UITransformComponent","_name":"pages<UITransformComponent>","node":{"__id__":20},"_contentSize":{"__type__":"cc.Size","width":750,"height":1334}},{"__type__":"cc.WidgetComponent","_name":"pages<WidgetComponent>","node":{"__id__":20},"_alignFlags":45,"_target":{"__id__":19},"_originalWidth":100,"_originalHeight":100}],"_layer":33554432},{"__type__":"cc.Node","_name":"TopGroup","_parent":{"__id__":19},"_children":[{"__id__":22}],"_components":[{"__type__":"cc.UITransformComponent","node":{"__id__":21},"_contentSize":{"__type__":"cc.Size","width":1,"height":1}},{"__type__":"cc.WidgetComponent","_name":"TopGroup<WidgetComponent>","node":{"__id__":21},"_alignFlags":1}],"_lpos":{"__type__":"cc.Vec3","y":666.5}},{"__type__":"cc.Node","_name":"TopBar","_parent":{"__id__":21},"_children":[{"__id__":23},{"__id__":26},{"__id__":28},{"__id__":31},{"__id__":33},{"__id__":36}],"_components":[{"__type__":"cc.UITransformComponent","_name":"topbg<UITransformComponent>","node":{"__id__":22},"_contentSize":{"__type__":"cc.Size","width":610,"height":55}},{"__type__":"cc.SpriteComponent","_name":"topbg<SpriteComponent>","node":{"__id__":22},"_spriteFrame":{"__uuid__":"43J5LZZndGVaX1tWeaPUIs@f9941"},"_type":1,"_sizeMode":0},{"__type__":"87759RLcLFGaIJN4XD2cPNk","node":{"__id__":22},"toukuiCountLabel":{"__id__":27},"fuhuoCountLabel":{"__id__":32},"coinCountLabel":{"__id__":37}},{"__type__":"cc.BlockInputEventsComponent","node":{"__id__":22}}],"_lpos":{"__type__":"cc.Vec3","x":43.60600000000005,"y":-51},"_layer":33554432},{"__type__":"cc.Node","_name":"toukuiBtn","_parent":{"__id__":22},"_children":[{"__id__":24}],"_components":[{"__type__":"cc.UITransformComponent","node":{"__id__":23},"_contentSize":{"__type__":"cc.Size","width":140,"height":74},"_anchorPoint":{"__type__":"cc.Vec2","x":0.2,"y":0.5}},{"__type__":"cc.ButtonComponent","node":{"__id__":23},"clickEvents":[{"__type__":"cc.ClickEvent","target":{"__id__":22},"_componentId":"87759RLcLFGaIJN4XD2cPNk","handler":"onAddToukuiClick"}],"_transition":3,"_target":{"__id__":24}}],"_lpos":{"__type__":"cc.Vec3","x":-227.56400000000005},"_layer":33554432},{"__type__":"cc.Node","_name":"icon","_parent":{"__id__":23},"_children":[{"__id__":25}],"_components":[{"__type__":"cc.UITransformComponent","node":{"__id__":24},"_contentSize":{"__type__":"cc.Size","width":83,"height":74}},{"__type__":"cc.SpriteComponent","node":{"__id__":24},"_spriteFrame":{"__uuid__":"11B+RoZDxB1a+dpHD0tuUw@f9941"},"_sizeMode":0}],"_lscale":{"__type__":"cc.Vec3","x":0.6,"y":0.6,"z":1},"_layer":33554432},{"__type__":"cc.Node","_name":"+","_parent":{"__id__":24},"_components":[{"__type__":"cc.UITransformComponent","node":{"__id__":25},"_contentSize":{"__type__":"cc.Size","width":31,"height":31}},{"__type__":"cc.SpriteComponent","node":{"__id__":25},"_spriteFrame":{"__uuid__":"53kIy4NkdL1LLL+rQlvWcD@f9941"}}],"_lpos":{"__type__":"cc.Vec3","x":36.921666666666624,"y":37.845000000000255},"_lscale":{"__type__":"cc.Vec3","x":1.6666666666666665,"y":1.6666666666666665,"z":0.9999999999999999},"_layer":33554432},{"__type__":"cc.Node","_name":"toukuiCount","_parent":{"__id__":22},"_components":[{"__type__":"cc.UITransformComponent","node":{"__id__":26},"_contentSize":{"__type__":"cc.Size","width":60.05,"height":100.8},"_anchorPoint":{"__type__":"cc.Vec2","y":0.5}},{"__id__":27},{"__type__":"cc.LabelOutlineComponent","node":{"__id__":26},"_color":{"__type__":"cc.Color"},"_width":5}],"_lpos":{"__type__":"cc.Vec3","x":-185.243},"_layer":33554432},{"__type__":"cc.LabelComponent","node":{"__id__":26},"_string":"99","_actualFontSize":45,"_fontSize":45,"_lineHeight":80,"_enableWrapText":false,"_isBold":true},{"__type__":"cc.Node","_name":"fuhuoBtn","_parent":{"__id__":22},"_children":[{"__id__":29}],"_components":[{"__type__":"cc.UITransformComponent","node":{"__id__":28},"_contentSize":{"__type__":"cc.Size","width":140,"height":74},"_anchorPoint":{"__type__":"cc.Vec2","x":0.2,"y":0.5}},{"__type__":"cc.ButtonComponent","node":{"__id__":28},"clickEvents":[{"__type__":"cc.ClickEvent","target":{"__id__":22},"_componentId":"87759RLcLFGaIJN4XD2cPNk","handler":"onAddFuhuoClick"}],"_transition":3,"_target":{"__id__":29}}],"_lpos":{"__type__":"cc.Vec3","x":-66.95500000000004},"_layer":33554432},{"__type__":"cc.Node","_name":"icon","_parent":{"__id__":28},"_children":[{"__id__":30}],"_components":[{"__type__":"cc.UITransformComponent","node":{"__id__":29},"_contentSize":{"__type__":"cc.Size","width":63,"height":62}},{"__type__":"cc.SpriteComponent","node":{"__id__":29},"_spriteFrame":{"__uuid__":"dbgBjOfCpB4oEqkze5Zfsb@f9941"},"_sizeMode":2}],"_lpos":{"__type__":"cc.Vec3","x":1.308},"_lscale":{"__type__":"cc.Vec3","x":0.7,"y":0.7,"z":1},"_layer":33554432},{"__type__":"cc.Node","_name":"+","_parent":{"__id__":29},"_components":[{"__type__":"cc.UITransformComponent","node":{"__id__":30},"_contentSize":{"__type__":"cc.Size","width":31,"height":31}},{"__type__":"cc.SpriteComponent","node":{"__id__":30},"_spriteFrame":{"__uuid__":"53kIy4NkdL1LLL+rQlvWcD@f9941"}}],"_lpos":{"__type__":"cc.Vec3","x":29.778571428571524,"y":32.43857142857155},"_lscale":{"__type__":"cc.Vec3","x":1.4285714285714288,"y":1.4285714285714288,"z":1},"_layer":33554432},{"__type__":"cc.Node","_name":"fuhuoCount","_parent":{"__id__":22},"_components":[{"__type__":"cc.UITransformComponent","node":{"__id__":31},"_contentSize":{"__type__":"cc.Size","width":60.05,"height":100.8},"_anchorPoint":{"__type__":"cc.Vec2","y":0.5}},{"__id__":32},{"__type__":"cc.LabelOutlineComponent","node":{"__id__":31},"_color":{"__type__":"cc.Color"},"_width":5}],"_lpos":{"__type__":"cc.Vec3","x":-23.919},"_layer":33554432},{"__type__":"cc.LabelComponent","node":{"__id__":31},"_string":"99","_actualFontSize":45,"_fontSize":45,"_lineHeight":80,"_enableWrapText":false,"_isBold":true},{"__type__":"cc.Node","_name":"coinBtn","_parent":{"__id__":22},"_children":[{"__id__":34}],"_components":[{"__type__":"cc.UITransformComponent","node":{"__id__":33},"_contentSize":{"__type__":"cc.Size","width":140,"height":74},"_anchorPoint":{"__type__":"cc.Vec2","x":0.2,"y":0.5}},{"__type__":"cc.ButtonComponent","node":{"__id__":33},"clickEvents":[{"__type__":"cc.ClickEvent","target":{"__id__":22},"_componentId":"87759RLcLFGaIJN4XD2cPNk","handler":"onAddCoinClick"}],"_transition":3,"_target":{"__id__":34}}],"_lpos":{"__type__":"cc.Vec3","x":105.44199999999995},"_layer":33554432},{"__type__":"cc.Node","_name":"icon","_parent":{"__id__":33},"_children":[{"__id__":35}],"_components":[{"__type__":"cc.UITransformComponent","node":{"__id__":34},"_contentSize":{"__type__":"cc.Size","width":75,"height":64}},{"__type__":"cc.SpriteComponent","node":{"__id__":34},"_spriteFrame":{"__uuid__":"6f2kkmyAhIurxaY7UZhoOt@f9941"},"_sizeMode":2}],"_lpos":{"__type__":"cc.Vec3","x":-4.585},"_lscale":{"__type__":"cc.Vec3","x":0.8,"y":0.8,"z":1},"_layer":33554432},{"__type__":"cc.Node","_name":"+","_parent":{"__id__":34},"_components":[{"__type__":"cc.UITransformComponent","node":{"__id__":35},"_contentSize":{"__type__":"cc.Size","width":31,"height":31}},{"__type__":"cc.SpriteComponent","node":{"__id__":35},"_spriteFrame":{"__uuid__":"53kIy4NkdL1LLL+rQlvWcD@f9941"}}],"_lpos":{"__type__":"cc.Vec3","x":33.42250000000013,"y":28.38375000000042},"_lscale":{"__type__":"cc.Vec3","x":1.25,"y":1.25,"z":1},"_layer":33554432},{"__type__":"cc.Node","_name":"coinCount","_parent":{"__id__":22},"_components":[{"__type__":"cc.UITransformComponent","node":{"__id__":36},"_contentSize":{"__type__":"cc.Size","width":110.11,"height":100.8},"_anchorPoint":{"__type__":"cc.Vec2","y":0.5}},{"__id__":37},{"__type__":"cc.LabelOutlineComponent","node":{"__id__":36},"_color":{"__type__":"cc.Color"},"_width":5}],"_lpos":{"__type__":"cc.Vec3","x":141.757},"_layer":33554432},{"__type__":"cc.LabelComponent","node":{"__id__":36},"_string":"1000","_actualFontSize":45,"_fontSize":45,"_lineHeight":80,"_enableWrapText":false,"_isBold":true},{"__type__":"cc.Node","_name":"EffectMgr","_parent":{"__id__":19},"_components":[{"__type__":"cc.UITransformComponent","node":{"__id__":38},"_contentSize":{"__type__":"cc.Size","width":750,"height":1334}},{"__id__":39},{"__type__":"cc.WidgetComponent","_name":"EffectMgr<WidgetComponent>","node":{"__id__":38},"_alignFlags":45,"_isAbsLeft":false,"_originalWidth":1,"_originalHeight":1}]},{"__type__":"3b86dy8fERPKI1zRGCvqHfa","node":{"__id__":38},"toukuiFrame":{"__uuid__":"11B+RoZDxB1a+dpHD0tuUw@f9941"},"fuhuoFrame":{"__uuid__":"dbgBjOfCpB4oEqkze5Zfsb@f9941"},"coinFrame":{"__uuid__":"6f2kkmyAhIurxaY7UZhoOt@f9941"}},{"__type__":"cc.Node","_name":"TipNode","_parent":{"__id__":19},"_children":[{"__id__":41},{"__id__":42}],"_components":[{"__type__":"cc.UITransformComponent","node":{"__id__":40},"_contentSize":{"__type__":"cc.Size","width":1,"height":1}}]},{"__type__":"cc.Node","_name":"bg","_parent":{"__id__":40},"_components":[{"__type__":"cc.UITransformComponent","node":{"__id__":41},"_contentSize":{"__type__":"cc.Size","width":292.631,"height":75.398}},{"__type__":"cc.SpriteComponent","node":{"__id__":41},"_color":{"__type__":"cc.Color","a":162},"_spriteFrame":{"__uuid__":"e12QbrhhxKNaiZesr8DBsX@f9941"},"_type":1,"_sizeMode":0}]},{"__type__":"cc.Node","_name":"tip","_parent":{"__id__":40},"_components":[{"__type__":"cc.UITransformComponent","node":{"__id__":42},"_contentSize":{"__type__":"cc.Size","width":235.05,"height":50.4}},{"__type__":"cc.LabelComponent","node":{"__id__":42},"_string":"Sending Score...","_actualFontSize":30,"_fontSize":30,"_isBold":true}],"_layer":33554432},{"__type__":"cc.Node","_name":"loading","_parent":{"__id__":19},"_children":[{"__id__":44},{"__id__":45}],"_active":false,"_components":[{"__type__":"cc.UITransformComponent","node":{"__id__":43},"_priority":100,"_contentSize":{"__type__":"cc.Size","width":750,"height":1334}},{"__type__":"cc.WidgetComponent","_name":"loading<WidgetComponent>","node":{"__id__":43},"_alignFlags":45,"_originalWidth":100,"_originalHeight":100},{"__type__":"cc.BlockInputEventsComponent","node":{"__id__":43}}]},{"__type__":"cc.Node","_name":"bg-001","_parent":{"__id__":43},"_components":[{"__type__":"cc.UITransformComponent","_name":"bg<UITransformComponent>","node":{"__id__":44},"_contentSize":{"__type__":"cc.Size","width":750,"height":1334}},{"__type__":"cc.SpriteComponent","_name":"bg<SpriteComponent>","node":{"__id__":44},"_color":{"__type__":"cc.Color","a":150},"_spriteFrame":{"__uuid__":"edNTALYtpFZ552S9f8dXoY@f9941"},"_sizeMode":0},{"__type__":"cc.WidgetComponent","_name":"bg<WidgetComponent>","node":{"__id__":44},"_alignFlags":45,"_originalWidth":750,"_originalHeight":1334},{"__type__":"cc.ButtonComponent","node":{"__id__":44},"clickEvents":[{"__type__":"cc.ClickEvent","_componentId":"fb267OzreZM6472coTEoDH3","handler":"closeDialog"}]}],"_layer":33554432},{"__type__":"cc.Node","_name":"loding","_parent":{"__id__":43},"_components":[{"__type__":"cc.UITransformComponent","node":{"__id__":45},"_contentSize":{"__type__":"cc.Size","width":99,"height":99}},{"__type__":"cc.SpriteComponent","node":{"__id__":45},"_spriteFrame":{"__uuid__":"08cPRs6RBEr5muIxY73lJB@f9941"}},{"__type__":"e5cdc8/MNRHaYw3RIG+XddR","node":{"__id__":45},"speed":8}],"_lpos":{"__type__":"cc.Vec3","y":3}},{"__type__":"fc9a5pvcPlGR7s2yf8Z99q0","node":{"__id__":2},"playerController":{"__id__":16},"roadMgr":{"__id__":47}},{"__type__":"13811nkV3BO6anPtthxFtiX","node":{"__id__":2},"blocksPrefabs":[{"__uuid__":"12i7he4H1G9oby5HMnlKAL"},{"__uuid__":"b2XYlKpItKYZYYmYnl1JQM"},{"__uuid__":"e9azYqc31PYYQ34Z5wrj2c"},{"__uuid__":"06G/eWO55OdZdrqPNzwS6r"},{"__uuid__":"1c3ETX5JBPX55plVkS+/M+"},{"__uuid__":"5buU5lW8pAda8mtT5wMBTv"},{"__uuid__":"8efeGPZBxPjaFUc7+ccvP3"},{"__uuid__":"73OkQ9P4JJyaGdj8v8Zpy7"},{"__uuid__":"31rt3GrX9Kl7u9Cp27tdEx"},{"__uuid__":"4cM3bARaRL0KCzhb3oVUCr"},{"__uuid__":"e01q+etfVAsIK+TSRMHiXc"},{"__uuid__":"6eNHeCSQdKc6aq0ziBK+OV"},{"__uuid__":"69iA022EhLeq4YylCEfL2y"},{"__uuid__":"ea+zlEdslOYriWGdk6vGpS"},{"__uuid__":"99yU1T92RKtrDK0S/qJ88K"},{"__uuid__":"18pMLIIP9HpoozvOgBFOhb"},{"__uuid__":"19BMl468NDGLyxbAqiyytI"}],"roadEnvPrefabs":[{"__uuid__":"2akNQNT1pFSbGBJS7s/UHT"},{"__uuid__":"72hr4VsPBAAaQpSDmCEVv3"}],"coinPrefab":{"__uuid__":"8edBwwmpFKYJcoDGsn1HET"},"roadLayerNode":{"__id__":48},"playerNode":{"__id__":5}},{"__type__":"cc.Node","_name":"roadLayer","_parent":{"__id__":2},"_lpos":{"__type__":"cc.Vec3","z":20}},{"__type__":"cc.Node","_name":"ShopRole","_parent":{"__id__":1},"_children":[{"__id__":50},{"__id__":51},{"__id__":54}],"_active":false,"_id":"66njP9nR5JqYncCzICefQd"},{"__type__":"cc.Node","_name":"Plane","_parent":{"__id__":49},"_components":[{"__type__":"cc.ModelComponent","_name":"Plane<ModelComponent>","node":{"__id__":50},"_materials":[{"__uuid__":"37AZcm9K1HiLQCXA9Y6Tik"}],"lightmapSettings":{"__type__":"cc.ModelLightmapSettings"},"_mesh":{"__uuid__":"12Y9dMgWdJKJGmTiZyQR9H@2e76e"}}],"_lpos":{"__type__":"cc.Vec3","z":-3.172},"_lrot":{"__type__":"cc.Quat","x":0.7071067811865475,"w":0.7071067811865476},"_lscale":{"__type__":"cc.Vec3","x":5,"y":1,"z":5},"_euler":{"__type__":"cc.Vec3","x":90}},{"__type__":"cc.Node","_name":"displayNode","_parent":{"__id__":49},"_children":[{"__id__":52},{"__id__":53}],"_lpos":{"__type__":"cc.Vec3","y":10},"_lrot":{"__type__":"cc.Quat","y":1,"w":6.123233995736766e-17},"_lscale":{"__type__":"cc.Vec3","x":1.5,"y":1.5,"z":1.5},"_euler":{"__type__":"cc.Vec3","y":180}},{"__type__":"cc.Node","_name":"shadow","_parent":{"__id__":51},"_components":[{"__type__":"cc.ModelComponent","node":{"__id__":52},"_materials":[{"__uuid__":"47DLOD7k1Fvqsy0pzdBFnZ"}],"lightmapSettings":{"__type__":"cc.ModelLightmapSettings"},"_mesh":{"__uuid__":"24isUP1jxErY7tpK6NJNoR@0c30b"}}],"_lrot":{"__type__":"cc.Quat","x":3.061616997868383e-17,"y":0.8660254037844386,"z":0.5000000000000001,"w":-5.3028761936245346e-17},"_lscale":{"__type__":"cc.Vec3","x":2.53999996185303,"y":2.539999961853031,"z":2.53999996185303},"_euler":{"__type__":"cc.Vec3","x":-60.00000000000002,"y":-180,"z":-1.059337511532038e-30}},{"__type__":"cc.Node","_name":"skinNode","_parent":{"__id__":51},"_lrot":{"__type__":"cc.Quat","x":1.5848095757158825e-17,"y":0.9659258262890683,"z":-0.25881904510252074,"w":5.914589856893349e-17},"_euler":{"__type__":"cc.Vec3","x":30,"y":180}},{"__type__":"cc.Node","_name":"Camera","_parent":{"__id__":49},"_components":[{"__type__":"cc.CameraComponent","_name":"Camera<CameraComponent>","node":{"__id__":54},"_color":{"__type__":"cc.Color","r":51,"g":76,"b":120},"_clearFlags":0,"_visibility":"1073741824"}],"_lpos":{"__type__":"cc.Vec3","z":49.409}},{"__type__":"cc.SphereColliderComponent","_name":"Player<SphereColliderComponent>","node":{"__id__":5},"_center":{"__type__":"cc.Vec3","y":5,"z":-2},"_radius":7},{"__type__":"cc.Node","_name":"friendboard","_parent":{"__id__":2},"_children":[{"__id__":57},{"__id__":58},{"__id__":60},{"__id__":61}],"_components":[{"__type__":"c5e1e9NV4dM8oCGdxY/HJ7U","_name":"friendboard<PlayerHeadBoard>","node":{"__id__":56},"model":{"__id__":59},"isMy":true}],"_lpos":{"__type__":"cc.Vec3","z":-468.909}},{"__type__":"cc.Node","_name":"bg","_parent":{"__id__":56},"_components":[{"__type__":"cc.ModelComponent","node":{"__id__":57},"_materials":[{"__uuid__":"3d5m6q/VlBlZgsozpzNrnf"}],"lightmapSettings":{"__type__":"cc.ModelLightmapSettings"},"_mesh":{"__uuid__":"b37xp/Xh9Mh43bN1TtsH8K@cd3dc"}}],"_lpos":{"__type__":"cc.Vec3","x":-0.182728111743927,"y":-4.18220806121826,"z":-0.20312078297138214},"_lscale":{"__type__":"cc.Vec3","x":-150.947769165039,"y":163.10984802246108,"z":81.33950805664062},"_euler":{"__type__":"cc.Vec3","x":0.00001798608903743941}},{"__type__":"cc.Node","_name":"t","_parent":{"__id__":56},"_components":[{"__id__":59}],"_lpos":{"__type__":"cc.Vec3","x":-18.3061027526855,"y":60.8818092346191,"z":-0.4963754117488861},"_lscale":{"__type__":"cc.Vec3","x":-150.947769165039,"y":163.10984802246108,"z":81.33950805664062},"_euler":{"__type__":"cc.Vec3","x":0.00001798608903743941}},{"__type__":"cc.ModelComponent","node":{"__id__":58},"_materials":[{"__uuid__":"8fcoxoqy5D6IGeRuF8p1XT"}],"lightmapSettings":{"__type__":"cc.ModelLightmapSettings"},"_mesh":{"__uuid__":"b37xp/Xh9Mh43bN1TtsH8K@317c3"}},{"__type__":"cc.Node","_name":"good","_parent":{"__id__":56},"_components":[{"__type__":"cc.ModelComponent","node":{"__id__":60},"_materials":[{"__uuid__":"f2vr2/NlRMJIpivmqLOdqD"}],"lightmapSettings":{"__type__":"cc.ModelLightmapSettings"},"_mesh":{"__uuid__":"b37xp/Xh9Mh43bN1TtsH8K@92f2a"}}],"_lpos":{"__type__":"cc.Vec3","x":14.0444831848145,"y":60.8818092346191,"z":-0.4963754117488861},"_lscale":{"__type__":"cc.Vec3","x":-150.947769165039,"y":163.10984802246108,"z":81.33950805664062},"_euler":{"__type__":"cc.Vec3","x":0.00001798608903743941}},{"__type__":"cc.Node","_name":"g","_parent":{"__id__":56},"_components":[{"__type__":"cc.ModelComponent","node":{"__id__":61},"_materials":[{"__uuid__":"3d5m6q/VlBlZgsozpzNrnf"}],"lightmapSettings":{"__type__":"cc.ModelLightmapSettings"},"_mesh":{"__uuid__":"b37xp/Xh9Mh43bN1TtsH8K@66441"}}],"_lpos":{"__type__":"cc.Vec3","x":-0.182728111743927,"y":-4.18220806121826,"z":-0.20312078297138214},"_lscale":{"__type__":"cc.Vec3","x":-150.947769165039,"y":163.10984802246108,"z":81.33950805664062},"_euler":{"__type__":"cc.Vec3","x":0.00001798608903743941}}],{"__type__":"cc.AnimationClip","_name":"collectcoin","_duration":0.11666666666666667,"_keys":[[0,0.08333333333333333,0.11666666666666667]],"_curves":[{"modifiers":[{"__type__":"cc.animation.HierarchyPath","path":"RootNode/NGon005"},{"__type__":"cc.animation.ComponentPath","component":"cc.ModelComponent"},"materials",0],"data":{"keys":0,"values":[{"__type__":"cc.Color","r":255,"g":255,"b":255,"a":0},{"__type__":"cc.Color","r":255,"g":255,"b":255},{"__type__":"cc.Color","r":255,"g":255,"b":255,"a":0}],"easingMethods":{}},"valueAdapter":{"__type__":"cc.animation.UniformProxyFactory","uniformName":"mainColor"}}],"_hash":1142597626},[{"__type__":"cc.AnimationClip","_name":"Take 001","_native":".bin","sample":30,"wrapMode":2,"_duration":1,"_keys":[{"__type__":"cc.CompactValueTypeArray","_byteOffset":464,"_unitCount":25,"_unitElement":6,"_length":25}],"_curves":[{"modifiers":[{"__id__":1},"rotation"],"data":{"keys":0,"values":{"__type__":"cc.CompactValueTypeArray","_unitCount":100,"_unitElement":38,"_length":25}}},{"modifiers":[{"__id__":1},"position"],"data":{"keys":-1,"interpolate":false,"values":{"__type__":"cc.CompactValueTypeArray","_byteOffset":400,"_unitCount":3,"_unitElement":22,"_length":1}}},{"modifiers":[{"__id__":1},"scale"],"data":{"keys":-1,"interpolate":false,"values":{"__type__":"cc.CompactValueTypeArray","_byteOffset":412,"_unitCount":3,"_unitElement":22,"_length":1}}},{"modifiers":[{"__id__":2},"position"],"data":{"keys":-1,"interpolate":false,"values":{"__type__":"cc.CompactValueTypeArray","_byteOffset":424,"_unitCount":3,"_unitElement":22,"_length":1}}},{"modifiers":[{"__id__":2},"scale"],"data":{"keys":-1,"interpolate":false,"values":{"__type__":"cc.CompactValueTypeArray","_byteOffset":436,"_unitCount":3,"_unitElement":22,"_length":1}}},{"modifiers":[{"__id__":2},"rotation"],"data":{"keys":-1,"interpolate":false,"values":{"__type__":"cc.CompactValueTypeArray","_byteOffset":448,"_unitCount":4,"_unitElement":38,"_length":1}}}],"_hash":3148030816},{"__type__":"cc.animation.HierarchyPath","path":"RootNode/Cylinder001"},{"__type__":"cc.animation.HierarchyPath","path":"RootNode"}],{"__type__":"cc.Mesh","_native":".bin","_struct":{"primitives":[{"primitiveMode":7,"vertexBundelIndices":[0],"indexView":{"offset":1040,"length":264,"count":132,"stride":2}}],"vertexBundles":[{"view":{"offset":0,"length":1040,"count":52,"stride":20},"attributes":[{"name":"a_position","format":32,"isNormalized":false},{"name":"a_texCoord","format":21,"isNormalized":false}]}],"minPosition":{"__type__":"cc.Vec3","x":-0.822472333908081,"y":-0.7506273984909058,"z":-0.06781531870365143},"maxPosition":{"__type__":"cc.Vec3","x":0.8181315660476685,"y":0.7359586954116821,"z":0.5345988869667053}},"_dataLength":1304,"_hash":3398115437}]
