[[{"__type__":"cc.Prefab","data":{"__id__":1}},{"__type__":"cc.Node","_name":"zhishipanwufangtongguo","_children":[{"__id__":2}],"_components":[{"__type__":"bc351P2bSVAarG7x7CzOlN0","node":{"__id__":1},"type":4},{"__type__":"cc.BoxColliderComponent","node":{"__id__":1},"_center":{"__type__":"cc.Vec3","y":10},"_size":{"__type__":"cc.Vec3","x":16,"y":24,"z":1}}],"_prefab":{"__type__":"cc.PrefabInfo","root":{"__id__":1},"asset":{"__id__":0},"fileId":"5fky/bwnVNGIoo6nzXDGWp","_synced":{"default":false,"serializable":false}}},{"__type__":"cc.Node","_name":"Box017","_parent":{"__id__":1},"_components":[{"__type__":"cc.ModelComponent","node":{"__id__":2},"_materials":[{"__uuid__":"3d5m6q/VlBlZgsozpzNrnf"}],"lightmapSettings":{"__type__":"cc.ModelLightmapSettings"},"_mesh":{"__uuid__":"d34r6Msg1JWqe+rVQ/a2Lj@3f614"}}],"_prefab":{"__type__":"cc.PrefabInfo","root":{"__id__":1},"asset":{"__id__":0},"fileId":"e2O+LeoMJBmbiSNa2yV7L+","_synced":{"default":false,"serializable":false}},"_lpos":{"__type__":"cc.Vec3","x":-3.07198286056519,"y":8.67221164703369,"z":-0.397833734750748},"_lrot":{"__type__":"cc.Quat","x":6.088852295624243e-15,"y":0.9999999999999938,"z":-8.14603424714728e-8,"w":7.549790126404284e-8},"_lscale":{"__type__":"cc.Vec3","x":61.26581573486329,"y":61.26580047607419,"z":29.784770965576197},"_euler":{"__type__":"cc.Vec3","x":0.0000093346676426114,"y":179.9999913485778,"z":-7.016738778909007e-15}}],{"__type__":"cc.Mesh","_native":".bin","_struct":{"primitives":[{"primitiveMode":7,"vertexBundelIndices":[0],"indexView":{"offset":8380,"length":1338,"count":669,"stride":2}}],"vertexBundles":[{"view":{"offset":0,"length":8380,"count":419,"stride":20},"attributes":[{"name":"a_position","format":32,"isNormalized":false},{"name":"a_texCoord","format":21,"isNormalized":false}]}],"minPosition":{"__type__":"cc.Vec3","x":-0.20113028585910797,"y":-0.14155058562755585,"z":-0.07452748715877533},"maxPosition":{"__type__":"cc.Vec3","x":0.10084651410579681,"y":0.3777671456336975,"z":0.03948716074228287}},"_dataLength":9718,"_hash":2642599547}]
