[[{"__type__":"cc.Prefab","data":{"__id__":1}},{"__type__":"cc.Node","_name":"GamePage","_children":[{"__id__":2},{"__id__":19},{"__id__":54},{"__id__":71},{"__id__":76},{"__id__":80},{"__id__":81}],"_components":[{"__type__":"cc.UITransformComponent","_name":"GamePage<UITransformComponent>","node":{"__id__":1},"_contentSize":{"__type__":"cc.Size","width":750,"height":1334}},{"__type__":"cc.WidgetComponent","_name":"GamePage<WidgetComponent>","node":{"__id__":1},"_alignFlags":45,"_originalWidth":100,"_originalHeight":100},{"__type__":"0d27dSWrSdJ0bE0q7wSe+2Q","node":{"__id__":1},"scoreLabel":{"__id__":24},"coinLabel":{"__id__":27},"toukuiCountLabel":{"__id__":6},"toukuiNode":{"__id__":3},"friendHead":{"__id__":18},"x2Node":{"__id__":22},"ciTieNode":{"__id__":59},"coinx2Node":{"__id__":67},"toukuiBuffNode":{"__id__":55},"scorex2Node":{"__id__":63},"citieProgressSp":{"__id__":62},"coinx2ProgressSp":{"__id__":70},"toukuiProgressSp":{"__id__":58},"scorex2ProgressSp":{"__id__":66},"whiteAnim":{"__id__":83},"weeklyNode":{"__id__":29},"weeklyInfoLabel":{"__id__":32},"dailyNode":{"__id__":33},"latters":[{"__id__":36},{"__id__":38},{"__id__":40},{"__id__":42},{"__id__":44},{"__id__":46},{"__id__":48},{"__id__":50}],"pauseNode":{"__id__":71},"timerNode":{"__id__":76},"timerLabel":{"__id__":79},"fuhuobiNode":{"__id__":51},"blackMaskSp":{"__id__":82}},{"__id__":83}],"_prefab":{"__type__":"cc.PrefabInfo","root":{"__id__":1},"asset":{"__id__":0},"fileId":"68yeia2V1In6rjA2QaJ+LY","_synced":{"default":false,"serializable":false}}},{"__type__":"cc.Node","_name":"rg","_parent":{"__id__":1},"_children":[{"__id__":3},{"__id__":7}],"_components":[{"__type__":"cc.UITransformComponent","_name":"rightGroup<UITransformComponent>","node":{"__id__":2},"_contentSize":{"__type__":"cc.Size","height":1334}},{"__type__":"cc.WidgetComponent","_name":"rightGroup<WidgetComponent>","node":{"__id__":2},"_alignFlags":37}],"_prefab":{"__type__":"cc.PrefabInfo","root":{"__id__":1},"asset":{"__id__":0},"fileId":"5bN8CO9KxDAZ5hCRfmkt1l","_synced":{"default":false,"serializable":false}},"_lpos":{"__type__":"cc.Vec3","x":375}},{"__type__":"cc.Node","_name":"tg","_parent":{"__id__":2},"_children":[{"__id__":4},{"__id__":5}],"_components":[{"__type__":"cc.UITransformComponent","node":{"__id__":3},"_contentSize":{"__type__":"cc.Size","width":130,"height":130}},{"__type__":"cc.SpriteComponent","node":{"__id__":3},"_color":{"__type__":"cc.Color","r":49,"g":48,"b":48},"_spriteFrame":{"__uuid__":"f9WUsi/EVCaavi9HtzsJBW@f9941"},"_type":1,"_sizeMode":0},{"__type__":"cc.ButtonComponent","node":{"__id__":3},"clickEvents":[{"__type__":"cc.ClickEvent","target":{"__id__":1},"_componentId":"0d27dSWrSdJ0bE0q7wSe+2Q","handler":"onToukuiCliked"}],"_transition":3}],"_prefab":{"__type__":"cc.PrefabInfo","root":{"__id__":1},"asset":{"__id__":0},"fileId":"5alu9oySZIVZ2aZTFSPO2c","_synced":{"default":false,"serializable":false}},"_lpos":{"__type__":"cc.Vec3","x":-67.196,"y":-354.657},"_layer":33554432},{"__type__":"cc.Node","_name":"i","_parent":{"__id__":3},"_components":[{"__type__":"cc.UITransformComponent","node":{"__id__":4},"_contentSize":{"__type__":"cc.Size","width":83,"height":74}},{"__type__":"cc.SpriteComponent","node":{"__id__":4},"_spriteFrame":{"__uuid__":"11B+RoZDxB1a+dpHD0tuUw@f9941"},"_sizeMode":0}],"_prefab":{"__type__":"cc.PrefabInfo","root":{"__id__":1},"asset":{"__id__":0},"fileId":"4542vGwT9LursuOrJyAhlF","_synced":{"default":false,"serializable":false}},"_layer":33554432},{"__type__":"cc.Node","_name":"c","_parent":{"__id__":3},"_components":[{"__type__":"cc.UITransformComponent","node":{"__id__":5},"_contentSize":{"__type__":"cc.Size","width":29.38,"height":40},"_anchorPoint":{"__type__":"cc.Vec2","x":1,"y":0.5}},{"__id__":6}],"_prefab":{"__type__":"cc.PrefabInfo","root":{"__id__":1},"asset":{"__id__":0},"fileId":"e9n4gNhxJE3YA+qItvz4Xn","_synced":{"default":false,"serializable":false}},"_lpos":{"__type__":"cc.Vec3","x":58.024,"y":-41.073},"_layer":33554432},{"__type__":"cc.LabelComponent","node":{"__id__":5},"_string":"6","_actualFontSize":40,"_lineHeight":64,"_font":{"__uuid__":"8e69KLy7hIQ5+TTYRjvH5U"},"_isSystemFontUsed":false},{"__type__":"cc.Node","_name":"hg","_parent":{"__id__":2},"_children":[{"__id__":8}],"_components":[{"__type__":"cc.UITransformComponent","_name":"headGroup<UITransformComponent>","node":{"__id__":7},"_contentSize":{"__type__":"cc.Size","width":1,"height":1}},{"__type__":"cc.WidgetComponent","_name":"headGroup<WidgetComponent>","node":{"__id__":7},"_alignFlags":1,"_top":238.49800000000005},{"__id__":18}],"_prefab":{"__type__":"cc.PrefabInfo","root":{"__id__":1},"asset":{"__id__":0},"fileId":"8asO7kr7xM06ys10h+4t2B","_synced":{"default":false,"serializable":false}},"_lpos":{"__type__":"cc.Vec3","y":428.00199999999995},"_layer":33554432},{"__type__":"cc.Node","_name":"h","_parent":{"__id__":7},"_children":[{"__id__":9},{"__id__":10},{"__id__":12},{"__id__":14},{"__id__":15},{"__id__":16}],"_components":[{"__type__":"cc.UITransformComponent","node":{"__id__":8},"_contentSize":{"__type__":"cc.Size","width":1,"height":1}}],"_prefab":{"__type__":"cc.PrefabInfo","root":{"__id__":1},"asset":{"__id__":0},"fileId":"4avsjfkeVDxpL2vSycN85S","_synced":{"default":false,"serializable":false}}},{"__type__":"cc.Node","_name":"b","_parent":{"__id__":8},"_components":[{"__type__":"cc.UITransformComponent","_name":"headGroup<UITransformComponent>","node":{"__id__":9},"_contentSize":{"__type__":"cc.Size","width":180,"height":250}},{"__type__":"cc.SpriteComponent","_name":"headGroup<SpriteComponent>","node":{"__id__":9},"_color":{"__type__":"cc.Color","r":49,"g":48,"b":48},"_spriteFrame":{"__uuid__":"f9WUsi/EVCaavi9HtzsJBW@f9941"},"_type":1,"_sizeMode":0}],"_prefab":{"__type__":"cc.PrefabInfo","root":{"__id__":1},"asset":{"__id__":0},"fileId":"94tiAM5gxIdaCmdBUExGx/","_synced":{"default":false,"serializable":false}},"_lpos":{"__type__":"cc.Vec3","x":-87.553},"_layer":33554432},{"__type__":"cc.Node","_name":"s","_parent":{"__id__":8},"_components":[{"__type__":"cc.UITransformComponent","_name":"friendscore<UITransformComponent>","node":{"__id__":10},"_contentSize":{"__type__":"cc.Size","width":97.03,"height":30}},{"__id__":11}],"_prefab":{"__type__":"cc.PrefabInfo","root":{"__id__":1},"asset":{"__id__":0},"fileId":"0f4gz0GfVNtKbXHW8dFkTS","_synced":{"default":false,"serializable":false}},"_lpos":{"__type__":"cc.Vec3","x":-83.51400000000001,"y":-97.21100000000001},"_layer":33554432},{"__type__":"cc.LabelComponent","_name":"friendscore<LabelComponent>","node":{"__id__":10},"_color":{"__type__":"cc.Color","r":244,"g":235,"b":101},"_string":"44765","_actualFontSize":30,"_fontSize":30,"_lineHeight":64,"_font":{"__uuid__":"8e69KLy7hIQ5+TTYRjvH5U"},"_isSystemFontUsed":false},{"__type__":"cc.Node","_name":"p","_parent":{"__id__":8},"_components":[{"__type__":"cc.UITransformComponent","node":{"__id__":12},"_contentSize":{"__type__":"cc.Size","width":144,"height":144}},{"__id__":13}],"_prefab":{"__type__":"cc.PrefabInfo","root":{"__id__":1},"asset":{"__id__":0},"fileId":"edEcfGv8xF+LelU5h/N2Gw","_synced":{"default":false,"serializable":false}},"_lpos":{"__type__":"cc.Vec3","x":-81.25900000000001,"y":33.01200000000017},"_layer":33554432},{"__type__":"cc.SpriteComponent","node":{"__id__":12},"_sizeMode":0},{"__type__":"cc.Node","_name":"nb","_parent":{"__id__":8},"_components":[{"__type__":"cc.UITransformComponent","node":{"__id__":14},"_contentSize":{"__type__":"cc.Size","width":141.072,"height":41}},{"__type__":"cc.SpriteComponent","node":{"__id__":14},"_spriteFrame":{"__uuid__":"d7OX0oa65K2qjy7iG8+Ne9@f9941"},"_type":1,"_sizeMode":0}],"_prefab":{"__type__":"cc.PrefabInfo","root":{"__id__":1},"asset":{"__id__":0},"fileId":"84X56DobZDLo+WLgu/S3df","_synced":{"default":false,"serializable":false}},"_lpos":{"__type__":"cc.Vec3","x":-81.09850000000002,"y":-47.156},"_layer":33554432},{"__type__":"cc.Node","_name":"pf","_parent":{"__id__":8},"_components":[{"__type__":"cc.UITransformComponent","_name":"frame<UITransformComponent>","node":{"__id__":15},"_contentSize":{"__type__":"cc.Size","width":149,"height":179}},{"__type__":"cc.SpriteComponent","_name":"frame<SpriteComponent>","node":{"__id__":15},"_spriteFrame":{"__uuid__":"c9mhvfTdRGyaHuLCAEI9dm@f9941"},"_type":1,"_sizeMode":0}],"_prefab":{"__type__":"cc.PrefabInfo","root":{"__id__":1},"asset":{"__id__":0},"fileId":"c4d9ZzyANHXIQO5YsuyfJp","_synced":{"default":false,"serializable":false}},"_lpos":{"__type__":"cc.Vec3","x":-81.553,"y":19},"_layer":33554432},{"__type__":"cc.Node","_name":"n","_parent":{"__id__":8},"_components":[{"__type__":"cc.UITransformComponent","node":{"__id__":16},"_contentSize":{"__type__":"cc.Size","width":137.619,"height":37.8}},{"__id__":17},{"__type__":"cc.LabelOutlineComponent","node":{"__id__":16},"_color":{"__type__":"cc.Color"},"_width":3}],"_prefab":{"__type__":"cc.PrefabInfo","root":{"__id__":1},"asset":{"__id__":0},"fileId":"495ToIh25H1ajQOnpIFCOV","_synced":{"default":false,"serializable":false}},"_lpos":{"__type__":"cc.Vec3","x":-81.643,"y":-46.15599999999995},"_layer":33554432},{"__type__":"cc.LabelComponent","node":{"__id__":16},"_string":"name","_actualFontSize":23,"_fontSize":23,"_lineHeight":30,"_overflow":2,"_isBold":true,"_cacheMode":1},{"__type__":"8941a4uSJBMXL4113SnQ9Sc","_name":"headGroup<FriendHead>","node":{"__id__":7},"moveNode":{"__id__":8},"friendSp":{"__id__":13},"friendScoreLabel":{"__id__":11},"friendNameLabel":{"__id__":17}},{"__type__":"cc.Node","_name":"tg","_parent":{"__id__":1},"_children":[{"__id__":20},{"__id__":21},{"__id__":25},{"__id__":29},{"__id__":33},{"__id__":51}],"_components":[{"__type__":"cc.UITransformComponent","node":{"__id__":19},"_contentSize":{"__type__":"cc.Size"}},{"__type__":"cc.WidgetComponent","node":{"__id__":19},"_alignFlags":1}],"_prefab":{"__type__":"cc.PrefabInfo","root":{"__id__":1},"asset":{"__id__":0},"fileId":"06iDfd9BRKFav4A95TYDP0","_synced":{"default":false,"serializable":false}},"_lpos":{"__type__":"cc.Vec3","y":667}},{"__type__":"cc.Node","_name":"pb","_parent":{"__id__":19},"_components":[{"__type__":"cc.UITransformComponent","node":{"__id__":20},"_contentSize":{"__type__":"cc.Size","width":64,"height":71}},{"__type__":"cc.SpriteComponent","node":{"__id__":20},"_spriteFrame":{"__uuid__":"52MJKdxCNHL67zRS5lbodu@f9941"}},{"__type__":"cc.ButtonComponent","node":{"__id__":20},"clickEvents":[{"__type__":"cc.ClickEvent","target":{"__id__":1},"_componentId":"0d27dSWrSdJ0bE0q7wSe+2Q","handler":"onPauseClick"}],"_transition":3}],"_prefab":{"__type__":"cc.PrefabInfo","root":{"__id__":1},"asset":{"__id__":0},"fileId":"c3cnl8oY5PS7zff2PVs45F","_synced":{"default":false,"serializable":false}},"_lpos":{"__type__":"cc.Vec3","x":-320.918,"y":-47.543},"_layer":33554432},{"__type__":"cc.Node","_name":"sb","_parent":{"__id__":19},"_children":[{"__id__":22},{"__id__":23}],"_components":[{"__type__":"cc.UITransformComponent","node":{"__id__":21},"_contentSize":{"__type__":"cc.Size","width":300,"height":78}},{"__type__":"cc.SpriteComponent","node":{"__id__":21},"_spriteFrame":{"__uuid__":"f9WUsi/EVCaavi9HtzsJBW@f9941"},"_type":1,"_sizeMode":0}],"_prefab":{"__type__":"cc.PrefabInfo","root":{"__id__":1},"asset":{"__id__":0},"fileId":"98d63a+mFNpI+OBfwoTVNh","_synced":{"default":false,"serializable":false}},"_lpos":{"__type__":"cc.Vec3","y":-57.586},"_layer":33554432},{"__type__":"cc.Node","_name":"x2bg","_parent":{"__id__":21},"_components":[{"__type__":"cc.UITransformComponent","node":{"__id__":22},"_contentSize":{"__type__":"cc.Size","width":88,"height":84}},{"__type__":"cc.SpriteComponent","node":{"__id__":22},"_spriteFrame":{"__uuid__":"b5GnfkNX9DfoM6k4TVDnQ6@f9941"}}],"_prefab":{"__type__":"cc.PrefabInfo","root":{"__id__":1},"asset":{"__id__":0},"fileId":"09DIcqivxAa6yM0B9yQfYP","_synced":{"default":false,"serializable":false}},"_lpos":{"__type__":"cc.Vec3","x":-154.443,"y":3.502},"_layer":33554432},{"__type__":"cc.Node","_name":"s","_parent":{"__id__":21},"_components":[{"__type__":"cc.UITransformComponent","node":{"__id__":23},"_contentSize":{"__type__":"cc.Size","width":47,"height":64}},{"__id__":24},{"__type__":"cc.LabelOutlineComponent","node":{"__id__":23},"_color":{"__type__":"cc.Color"},"_width":3}],"_prefab":{"__type__":"cc.PrefabInfo","root":{"__id__":1},"asset":{"__id__":0},"fileId":"c8OZN+EOtOXrFc7OdeSSUr","_synced":{"default":false,"serializable":false}},"_layer":33554432},{"__type__":"cc.LabelComponent","node":{"__id__":23},"_string":"0","_actualFontSize":64,"_fontSize":64,"_lineHeight":64,"_enableWrapText":false,"_font":{"__uuid__":"8e69KLy7hIQ5+TTYRjvH5U"},"_isSystemFontUsed":false},{"__type__":"cc.Node","_name":"cb","_parent":{"__id__":19},"_children":[{"__id__":26},{"__id__":28}],"_components":[{"__type__":"cc.UITransformComponent","node":{"__id__":25},"_contentSize":{"__type__":"cc.Size","width":186.929,"height":62.608999999999995}},{"__type__":"cc.SpriteComponent","node":{"__id__":25},"_spriteFrame":{"__uuid__":"f9WUsi/EVCaavi9HtzsJBW@f9941"},"_type":1,"_sizeMode":0}],"_prefab":{"__type__":"cc.PrefabInfo","root":{"__id__":1},"asset":{"__id__":0},"fileId":"cbAg3dA/FH77o3BA+G+gjz","_synced":{"default":false,"serializable":false}},"_lpos":{"__type__":"cc.Vec3","x":286.6235,"y":-54.0685},"_layer":33554432},{"__type__":"cc.Node","_name":"c","_parent":{"__id__":25},"_components":[{"__type__":"cc.UITransformComponent","node":{"__id__":26},"_contentSize":{"__type__":"cc.Size","width":36.72,"height":50}},{"__id__":27},{"__type__":"cc.LabelOutlineComponent","node":{"__id__":26},"_color":{"__type__":"cc.Color"},"_width":3}],"_prefab":{"__type__":"cc.PrefabInfo","root":{"__id__":1},"asset":{"__id__":0},"fileId":"92iaMuq8tJH7hablfWf9jK","_synced":{"default":false,"serializable":false}},"_lpos":{"__type__":"cc.Vec3","x":29.332},"_layer":33554432},{"__type__":"cc.LabelComponent","node":{"__id__":26},"_string":"0","_actualFontSize":50,"_fontSize":50,"_lineHeight":64,"_enableWrapText":false,"_font":{"__uuid__":"8e69KLy7hIQ5+TTYRjvH5U"},"_isSystemFontUsed":false,"_isBold":true},{"__type__":"cc.Node","_name":"i","_parent":{"__id__":25},"_components":[{"__type__":"cc.UITransformComponent","node":{"__id__":28},"_contentSize":{"__type__":"cc.Size","width":75,"height":64}},{"__type__":"cc.SpriteComponent","node":{"__id__":28},"_spriteFrame":{"__uuid__":"6f2kkmyAhIurxaY7UZhoOt@f9941"}}],"_prefab":{"__type__":"cc.PrefabInfo","root":{"__id__":1},"asset":{"__id__":0},"fileId":"06qKkczjpAqaV5TG9uFgAA","_synced":{"default":false,"serializable":false}},"_lpos":{"__type__":"cc.Vec3","x":-60.104,"y":-1.054},"_lscale":{"__type__":"cc.Vec3","x":0.8,"y":0.8,"z":1},"_layer":33554432},{"__type__":"cc.Node","_name":"wt","_parent":{"__id__":19},"_children":[{"__id__":30},{"__id__":31}],"_components":[{"__type__":"cc.UITransformComponent","_name":"weeklyTask<UITransformComponent>","node":{"__id__":29},"_contentSize":{"__type__":"cc.Size","width":180.822,"height":57.623}},{"__type__":"cc.SpriteComponent","_name":"weeklyTask<SpriteComponent>","node":{"__id__":29},"_spriteFrame":{"__uuid__":"f9WUsi/EVCaavi9HtzsJBW@f9941"},"_type":1,"_sizeMode":0}],"_prefab":{"__type__":"cc.PrefabInfo","root":{"__id__":1},"asset":{"__id__":0},"fileId":"2eY/c1xtFCxbrqA/xR3YzV","_synced":{"default":false,"serializable":false}},"_lpos":{"__type__":"cc.Vec3","y":-156.923},"_layer":33554432},{"__type__":"cc.Node","_name":"bg","_parent":{"__id__":29},"_components":[{"__type__":"cc.UITransformComponent","node":{"__id__":30},"_contentSize":{"__type__":"cc.Size","width":58,"height":111}},{"__type__":"cc.SpriteComponent","node":{"__id__":30},"_spriteFrame":{"__uuid__":"1emjDEobdBEYumOWrfDXfA@f9941"}}],"_prefab":{"__type__":"cc.PrefabInfo","root":{"__id__":1},"asset":{"__id__":0},"fileId":"9d8LYwvF1JjomN5aqo1Lw5","_synced":{"default":false,"serializable":false}},"_lpos":{"__type__":"cc.Vec3","x":-81.804,"y":3.502},"_layer":33554432},{"__type__":"cc.Node","_name":"i","_parent":{"__id__":29},"_components":[{"__type__":"cc.UITransformComponent","node":{"__id__":31},"_contentSize":{"__type__":"cc.Size","width":17.11,"height":50.4}},{"__id__":32},{"__type__":"cc.LabelOutlineComponent","node":{"__id__":31},"_color":{"__type__":"cc.Color"},"_width":3}],"_prefab":{"__type__":"cc.PrefabInfo","root":{"__id__":1},"asset":{"__id__":0},"fileId":"1c8r6jUHNMfKV1QYvtRbZF","_synced":{"default":false,"serializable":false}},"_lpos":{"__type__":"cc.Vec3","x":11.274},"_layer":33554432},{"__type__":"cc.LabelComponent","node":{"__id__":31},"_string":"/","_actualFontSize":40,"_enableWrapText":false,"_isBold":true},{"__type__":"cc.Node","_name":"dt","_parent":{"__id__":19},"_children":[{"__id__":34}],"_components":[{"__type__":"cc.UITransformComponent","_name":"weeklyTask<UITransformComponent>","node":{"__id__":33},"_contentSize":{"__type__":"cc.Size","width":522.568,"height":93.451}},{"__type__":"cc.SpriteComponent","_name":"weeklyTask<SpriteComponent>","node":{"__id__":33},"_spriteFrame":{"__uuid__":"f9WUsi/EVCaavi9HtzsJBW@f9941"},"_type":1,"_sizeMode":0}],"_prefab":{"__type__":"cc.PrefabInfo","root":{"__id__":1},"asset":{"__id__":0},"fileId":"6ekn/muRhIkIYr4a0PoCJE","_synced":{"default":false,"serializable":false}},"_lpos":{"__type__":"cc.Vec3","y":-160.282},"_layer":33554432},{"__type__":"cc.Node","_name":"l","_parent":{"__id__":33},"_children":[{"__id__":35},{"__id__":37},{"__id__":39},{"__id__":41},{"__id__":43},{"__id__":45},{"__id__":47},{"__id__":49}],"_components":[{"__type__":"cc.UITransformComponent","node":{"__id__":34},"_contentSize":{"__type__":"cc.Size","width":153,"height":100}},{"__type__":"cc.LayoutComponent","node":{"__id__":34},"_resizeMode":1,"_N$layoutType":1,"_spacingX":15}],"_prefab":{"__type__":"cc.PrefabInfo","root":{"__id__":1},"asset":{"__id__":0},"fileId":"49BO0hBf5OhJkIyWfbXE1F","_synced":{"default":false,"serializable":false}}},{"__type__":"cc.Node","_name":"1","_parent":{"__id__":34},"_components":[{"__type__":"cc.UITransformComponent","_name":"1<UITransformComponent>","node":{"__id__":35},"_contentSize":{"__type__":"cc.Size","width":6,"height":113.4}},{"__id__":36},{"__type__":"cc.LabelOutlineComponent","node":{"__id__":35},"_color":{"__type__":"cc.Color"},"_width":3}],"_prefab":{"__type__":"cc.PrefabInfo","root":{"__id__":1},"asset":{"__id__":0},"fileId":"28xvUNE+VKmYNYjBr8swXF","_synced":{"default":false,"serializable":false}},"_lpos":{"__type__":"cc.Vec3","x":-73.5},"_layer":33554432},{"__type__":"cc.LabelComponent","_name":"1<LabelComponent>","node":{"__id__":35},"_color":{"__type__":"cc.Color","r":128,"g":248,"b":107},"_string":"","_actualFontSize":70,"_fontSize":70,"_lineHeight":90,"_isBold":true},{"__type__":"cc.Node","_name":"2","_parent":{"__id__":34},"_components":[{"__type__":"cc.UITransformComponent","_name":"2<UITransformComponent>","node":{"__id__":37},"_contentSize":{"__type__":"cc.Size","width":6,"height":113.4}},{"__id__":38},{"__type__":"cc.LabelOutlineComponent","node":{"__id__":37},"_color":{"__type__":"cc.Color"},"_width":3}],"_prefab":{"__type__":"cc.PrefabInfo","root":{"__id__":1},"asset":{"__id__":0},"fileId":"7aZBQ3C5BCcomAK8NwD4BI","_synced":{"default":false,"serializable":false}},"_lpos":{"__type__":"cc.Vec3","x":-52.5},"_layer":33554432},{"__type__":"cc.LabelComponent","_name":"2<LabelComponent>","node":{"__id__":37},"_color":{"__type__":"cc.Color","r":44,"g":62,"b":74},"_string":"","_actualFontSize":70,"_fontSize":70,"_lineHeight":90,"_isBold":true},{"__type__":"cc.Node","_name":"3","_parent":{"__id__":34},"_components":[{"__type__":"cc.UITransformComponent","_name":"3<UITransformComponent>","node":{"__id__":39},"_contentSize":{"__type__":"cc.Size","width":6,"height":113.4}},{"__id__":40},{"__type__":"cc.LabelOutlineComponent","node":{"__id__":39},"_color":{"__type__":"cc.Color"},"_width":3}],"_prefab":{"__type__":"cc.PrefabInfo","root":{"__id__":1},"asset":{"__id__":0},"fileId":"ccwtGsCPJL5o9FHIKQ+RPG","_synced":{"default":false,"serializable":false}},"_lpos":{"__type__":"cc.Vec3","x":-31.5},"_layer":33554432},{"__type__":"cc.LabelComponent","_name":"3<LabelComponent>","node":{"__id__":39},"_color":{"__type__":"cc.Color","r":44,"g":62,"b":74},"_string":"","_actualFontSize":70,"_fontSize":70,"_lineHeight":90,"_isBold":true},{"__type__":"cc.Node","_name":"4","_parent":{"__id__":34},"_components":[{"__type__":"cc.UITransformComponent","_name":"4<UITransformComponent>","node":{"__id__":41},"_contentSize":{"__type__":"cc.Size","width":6,"height":113.4}},{"__id__":42},{"__type__":"cc.LabelOutlineComponent","node":{"__id__":41},"_color":{"__type__":"cc.Color"},"_width":3}],"_prefab":{"__type__":"cc.PrefabInfo","root":{"__id__":1},"asset":{"__id__":0},"fileId":"c2gRHDBKlPt4eXhhOPpvWW","_synced":{"default":false,"serializable":false}},"_lpos":{"__type__":"cc.Vec3","x":-10.5},"_layer":33554432},{"__type__":"cc.LabelComponent","_name":"4<LabelComponent>","node":{"__id__":41},"_color":{"__type__":"cc.Color","r":44,"g":62,"b":74},"_string":"","_actualFontSize":70,"_fontSize":70,"_lineHeight":90,"_isBold":true},{"__type__":"cc.Node","_name":"5","_parent":{"__id__":34},"_components":[{"__type__":"cc.UITransformComponent","_name":"5<UITransformComponent>","node":{"__id__":43},"_contentSize":{"__type__":"cc.Size","width":6,"height":113.4}},{"__id__":44},{"__type__":"cc.LabelOutlineComponent","node":{"__id__":43},"_color":{"__type__":"cc.Color"},"_width":3}],"_prefab":{"__type__":"cc.PrefabInfo","root":{"__id__":1},"asset":{"__id__":0},"fileId":"fbTU+XvUxPfqIxwtY2Nt9n","_synced":{"default":false,"serializable":false}},"_lpos":{"__type__":"cc.Vec3","x":10.5},"_layer":33554432},{"__type__":"cc.LabelComponent","_name":"5<LabelComponent>","node":{"__id__":43},"_color":{"__type__":"cc.Color","r":44,"g":62,"b":74},"_string":"","_actualFontSize":70,"_fontSize":70,"_lineHeight":90,"_isBold":true},{"__type__":"cc.Node","_name":"6","_parent":{"__id__":34},"_components":[{"__type__":"cc.UITransformComponent","_name":"6<UITransformComponent>","node":{"__id__":45},"_contentSize":{"__type__":"cc.Size","width":6,"height":113.4}},{"__id__":46},{"__type__":"cc.LabelOutlineComponent","node":{"__id__":45},"_color":{"__type__":"cc.Color"},"_width":3}],"_prefab":{"__type__":"cc.PrefabInfo","root":{"__id__":1},"asset":{"__id__":0},"fileId":"adlgHBHBtDuLpIKOt6N9LO","_synced":{"default":false,"serializable":false}},"_lpos":{"__type__":"cc.Vec3","x":31.5},"_layer":33554432},{"__type__":"cc.LabelComponent","_name":"6<LabelComponent>","node":{"__id__":45},"_color":{"__type__":"cc.Color","r":44,"g":62,"b":74},"_string":"","_actualFontSize":70,"_fontSize":70,"_lineHeight":90,"_isBold":true},{"__type__":"cc.Node","_name":"7","_parent":{"__id__":34},"_components":[{"__type__":"cc.UITransformComponent","_name":"7<UITransformComponent>","node":{"__id__":47},"_contentSize":{"__type__":"cc.Size","width":6,"height":113.4}},{"__id__":48},{"__type__":"cc.LabelOutlineComponent","node":{"__id__":47},"_color":{"__type__":"cc.Color"},"_width":3}],"_prefab":{"__type__":"cc.PrefabInfo","root":{"__id__":1},"asset":{"__id__":0},"fileId":"83JGn6eZ9F5p/NcrXQnxgy","_synced":{"default":false,"serializable":false}},"_lpos":{"__type__":"cc.Vec3","x":52.5},"_layer":33554432},{"__type__":"cc.LabelComponent","_name":"7<LabelComponent>","node":{"__id__":47},"_color":{"__type__":"cc.Color","r":44,"g":62,"b":74},"_string":"","_actualFontSize":70,"_fontSize":70,"_lineHeight":90,"_isBold":true},{"__type__":"cc.Node","_name":"8","_parent":{"__id__":34},"_components":[{"__type__":"cc.UITransformComponent","_name":"8<UITransformComponent>","node":{"__id__":49},"_contentSize":{"__type__":"cc.Size","width":6,"height":113.4}},{"__id__":50},{"__type__":"cc.LabelOutlineComponent","node":{"__id__":49},"_color":{"__type__":"cc.Color"},"_width":3}],"_prefab":{"__type__":"cc.PrefabInfo","root":{"__id__":1},"asset":{"__id__":0},"fileId":"f3kWhDnP5HSovZcsY9Ueap","_synced":{"default":false,"serializable":false}},"_lpos":{"__type__":"cc.Vec3","x":73.5},"_layer":33554432},{"__type__":"cc.LabelComponent","_name":"8<LabelComponent>","node":{"__id__":49},"_color":{"__type__":"cc.Color","r":44,"g":62,"b":74},"_string":"","_actualFontSize":70,"_fontSize":70,"_lineHeight":90,"_isBold":true},{"__type__":"cc.Node","_name":"fh","_parent":{"__id__":19},"_children":[{"__id__":52},{"__id__":53}],"_components":[{"__type__":"cc.UITransformComponent","_name":"weeklyTask<UITransformComponent>","node":{"__id__":51},"_contentSize":{"__type__":"cc.Size","width":180.822,"height":57.623}},{"__type__":"cc.SpriteComponent","_name":"weeklyTask<SpriteComponent>","node":{"__id__":51},"_spriteFrame":{"__uuid__":"f9WUsi/EVCaavi9HtzsJBW@f9941"},"_type":1,"_sizeMode":0}],"_prefab":{"__type__":"cc.PrefabInfo","root":{"__id__":1},"asset":{"__id__":0},"fileId":"bexlglVBFBjbm902O/MUIb","_synced":{"default":false,"serializable":false}},"_lpos":{"__type__":"cc.Vec3","y":-156.923},"_layer":33554432},{"__type__":"cc.Node","_name":"x2bg","_parent":{"__id__":51},"_components":[{"__type__":"cc.UITransformComponent","node":{"__id__":52},"_contentSize":{"__type__":"cc.Size","width":63,"height":62}},{"__type__":"cc.SpriteComponent","node":{"__id__":52},"_spriteFrame":{"__uuid__":"dbgBjOfCpB4oEqkze5Zfsb@f9941"}}],"_prefab":{"__type__":"cc.PrefabInfo","root":{"__id__":1},"asset":{"__id__":0},"fileId":"7aqIQ5YP9NLZCIeraj3UVM","_synced":{"default":false,"serializable":false}},"_lpos":{"__type__":"cc.Vec3","x":-81.804,"y":3.502},"_layer":33554432},{"__type__":"cc.Node","_name":"info","_parent":{"__id__":51},"_components":[{"__type__":"cc.UITransformComponent","node":{"__id__":53},"_contentSize":{"__type__":"cc.Size","width":51.61,"height":50.4}},{"__type__":"cc.LabelComponent","node":{"__id__":53},"_string":"+1","_actualFontSize":40,"_enableWrapText":false,"_isBold":true},{"__type__":"cc.LabelOutlineComponent","node":{"__id__":53},"_color":{"__type__":"cc.Color"},"_width":3}],"_prefab":{"__type__":"cc.PrefabInfo","root":{"__id__":1},"asset":{"__id__":0},"fileId":"f2PCEewPJHQKzvjeqUNMST","_synced":{"default":false,"serializable":false}},"_lpos":{"__type__":"cc.Vec3","x":11.274},"_layer":33554432},{"__type__":"cc.Node","_name":"bg","_parent":{"__id__":1},"_children":[{"__id__":55},{"__id__":59},{"__id__":63},{"__id__":67}],"_components":[{"__type__":"cc.UITransformComponent","node":{"__id__":54},"_contentSize":{"__type__":"cc.Size","width":710,"height":200}},{"__type__":"cc.WidgetComponent","node":{"__id__":54},"_alignFlags":4,"_bottom":-100},{"__type__":"cc.LayoutComponent","node":{"__id__":54},"_N$layoutType":1,"_spacingX":15}],"_prefab":{"__type__":"cc.PrefabInfo","root":{"__id__":1},"asset":{"__id__":0},"fileId":"adOphHLi9C2ZkJOBrcnBmm","_synced":{"default":false,"serializable":false}},"_lpos":{"__type__":"cc.Vec3","y":-667}},{"__type__":"cc.Node","_name":"t","_parent":{"__id__":54},"_children":[{"__id__":56},{"__id__":57}],"_components":[{"__type__":"cc.UITransformComponent","node":{"__id__":55},"_contentSize":{"__type__":"cc.Size","width":130,"height":130}},{"__type__":"cc.SpriteComponent","node":{"__id__":55},"_spriteFrame":{"__uuid__":"aaDXivQHJJI5gIFSTA9UuX@f9941"}}],"_prefab":{"__type__":"cc.PrefabInfo","root":{"__id__":1},"asset":{"__id__":0},"fileId":"cflfJSI0FD/Iq4rUOaUD7y","_synced":{"default":false,"serializable":false}},"_lpos":{"__type__":"cc.Vec3","x":-290,"y":100},"_layer":33554432},{"__type__":"cc.Node","_name":"i","_parent":{"__id__":55},"_components":[{"__type__":"cc.UITransformComponent","node":{"__id__":56},"_contentSize":{"__type__":"cc.Size","width":83,"height":74}},{"__type__":"cc.SpriteComponent","node":{"__id__":56},"_spriteFrame":{"__uuid__":"11B+RoZDxB1a+dpHD0tuUw@f9941"},"_sizeMode":0}],"_prefab":{"__type__":"cc.PrefabInfo","root":{"__id__":1},"asset":{"__id__":0},"fileId":"66OehyWytJhbfYChwPqx8v","_synced":{"default":false,"serializable":false}},"_layer":33554432},{"__type__":"cc.Node","_name":"t","_parent":{"__id__":55},"_components":[{"__type__":"cc.UITransformComponent","node":{"__id__":57},"_contentSize":{"__type__":"cc.Size","width":130,"height":130}},{"__id__":58}],"_prefab":{"__type__":"cc.PrefabInfo","root":{"__id__":1},"asset":{"__id__":0},"fileId":"3eokloSaxIBoRT9auzRrqD","_synced":{"default":false,"serializable":false}},"_lscale":{"__type__":"cc.Vec3","x":-1,"y":1,"z":1},"_layer":33554432},{"__type__":"cc.SpriteComponent","node":{"__id__":57},"_spriteFrame":{"__uuid__":"b6TSWTyQpDn4hNdvtB89NO@f9941"},"_type":3,"_fillType":2,"_fillCenter":{"__type__":"cc.Vec2","x":0.5,"y":0.5},"_fillStart":0.25,"_fillRange":0.9},{"__type__":"cc.Node","_name":"c","_parent":{"__id__":54},"_children":[{"__id__":60},{"__id__":61}],"_components":[{"__type__":"cc.UITransformComponent","node":{"__id__":59},"_contentSize":{"__type__":"cc.Size","width":130,"height":130}},{"__type__":"cc.SpriteComponent","node":{"__id__":59},"_spriteFrame":{"__uuid__":"aaDXivQHJJI5gIFSTA9UuX@f9941"},"_isTrimmedMode":false}],"_prefab":{"__type__":"cc.PrefabInfo","root":{"__id__":1},"asset":{"__id__":0},"fileId":"65MhN5/JtHyrhOmgIF9RCU","_synced":{"default":false,"serializable":false}},"_lpos":{"__type__":"cc.Vec3","x":-145,"y":100},"_layer":33554432},{"__type__":"cc.Node","_name":"i","_parent":{"__id__":59},"_components":[{"__type__":"cc.UITransformComponent","node":{"__id__":60},"_contentSize":{"__type__":"cc.Size","width":72,"height":77}},{"__type__":"cc.SpriteComponent","node":{"__id__":60},"_spriteFrame":{"__uuid__":"6dI+DxqBxN6qV7sNCji5pm@f9941"}}],"_prefab":{"__type__":"cc.PrefabInfo","root":{"__id__":1},"asset":{"__id__":0},"fileId":"a69+pB4hVAgaEBYiKUVxU5","_synced":{"default":false,"serializable":false}},"_layer":33554432},{"__type__":"cc.Node","_name":"c","_parent":{"__id__":59},"_components":[{"__type__":"cc.UITransformComponent","node":{"__id__":61},"_contentSize":{"__type__":"cc.Size","width":130,"height":130}},{"__id__":62}],"_prefab":{"__type__":"cc.PrefabInfo","root":{"__id__":1},"asset":{"__id__":0},"fileId":"cbDz45COdDva61xZahsbVQ","_synced":{"default":false,"serializable":false}},"_lscale":{"__type__":"cc.Vec3","x":-1,"y":1,"z":1},"_layer":33554432},{"__type__":"cc.SpriteComponent","node":{"__id__":61},"_spriteFrame":{"__uuid__":"b6TSWTyQpDn4hNdvtB89NO@f9941"},"_type":3,"_fillType":2,"_fillCenter":{"__type__":"cc.Vec2","x":0.5,"y":0.5},"_fillStart":0.25,"_fillRange":0.9},{"__type__":"cc.Node","_name":"sc","_parent":{"__id__":54},"_children":[{"__id__":64},{"__id__":65}],"_components":[{"__type__":"cc.UITransformComponent","node":{"__id__":63},"_contentSize":{"__type__":"cc.Size","width":130,"height":130}},{"__type__":"cc.SpriteComponent","node":{"__id__":63},"_spriteFrame":{"__uuid__":"aaDXivQHJJI5gIFSTA9UuX@f9941"}}],"_prefab":{"__type__":"cc.PrefabInfo","root":{"__id__":1},"asset":{"__id__":0},"fileId":"cflfJSI0FD/Iq4rUOaUD7y","_synced":{"default":false,"serializable":false}},"_lpos":{"__type__":"cc.Vec3","y":100},"_layer":33554432},{"__type__":"cc.Node","_name":"i","_parent":{"__id__":63},"_components":[{"__type__":"cc.UITransformComponent","node":{"__id__":64},"_contentSize":{"__type__":"cc.Size","width":87,"height":84}},{"__type__":"cc.SpriteComponent","node":{"__id__":64},"_spriteFrame":{"__uuid__":"b5GnfkNX9DfoM6k4TVDnQ6@f9941"},"_sizeMode":0}],"_prefab":{"__type__":"cc.PrefabInfo","root":{"__id__":1},"asset":{"__id__":0},"fileId":"66OehyWytJhbfYChwPqx8v","_synced":{"default":false,"serializable":false}},"_layer":33554432},{"__type__":"cc.Node","_name":"s","_parent":{"__id__":63},"_components":[{"__type__":"cc.UITransformComponent","node":{"__id__":65},"_contentSize":{"__type__":"cc.Size","width":130,"height":130}},{"__id__":66}],"_prefab":{"__type__":"cc.PrefabInfo","root":{"__id__":1},"asset":{"__id__":0},"fileId":"3eokloSaxIBoRT9auzRrqD","_synced":{"default":false,"serializable":false}},"_lscale":{"__type__":"cc.Vec3","x":-1,"y":1,"z":1},"_layer":33554432},{"__type__":"cc.SpriteComponent","node":{"__id__":65},"_spriteFrame":{"__uuid__":"b6TSWTyQpDn4hNdvtB89NO@f9941"},"_type":3,"_fillType":2,"_fillCenter":{"__type__":"cc.Vec2","x":0.5,"y":0.5},"_fillStart":0.25,"_fillRange":0.9},{"__type__":"cc.Node","_name":"c","_parent":{"__id__":54},"_children":[{"__id__":68},{"__id__":69}],"_components":[{"__type__":"cc.UITransformComponent","node":{"__id__":67},"_contentSize":{"__type__":"cc.Size","width":130,"height":130}},{"__type__":"cc.SpriteComponent","node":{"__id__":67},"_spriteFrame":{"__uuid__":"aaDXivQHJJI5gIFSTA9UuX@f9941"}}],"_prefab":{"__type__":"cc.PrefabInfo","root":{"__id__":1},"asset":{"__id__":0},"fileId":"cflfJSI0FD/Iq4rUOaUD7y","_synced":{"default":false,"serializable":false}},"_lpos":{"__type__":"cc.Vec3","x":145,"y":100},"_layer":33554432},{"__type__":"cc.Node","_name":"i","_parent":{"__id__":67},"_components":[{"__type__":"cc.UITransformComponent","node":{"__id__":68},"_contentSize":{"__type__":"cc.Size","width":99,"height":68}},{"__type__":"cc.SpriteComponent","node":{"__id__":68},"_spriteFrame":{"__uuid__":"b9lcqkrMpK+qHCB5MRA7hs@f9941"}}],"_prefab":{"__type__":"cc.PrefabInfo","root":{"__id__":1},"asset":{"__id__":0},"fileId":"66OehyWytJhbfYChwPqx8v","_synced":{"default":false,"serializable":false}},"_lscale":{"__type__":"cc.Vec3","x":0.9,"y":0.9,"z":1},"_layer":33554432},{"__type__":"cc.Node","_name":"c","_parent":{"__id__":67},"_components":[{"__type__":"cc.UITransformComponent","node":{"__id__":69},"_contentSize":{"__type__":"cc.Size","width":130,"height":130}},{"__id__":70}],"_prefab":{"__type__":"cc.PrefabInfo","root":{"__id__":1},"asset":{"__id__":0},"fileId":"3eokloSaxIBoRT9auzRrqD","_synced":{"default":false,"serializable":false}},"_lscale":{"__type__":"cc.Vec3","x":-1,"y":1,"z":1},"_layer":33554432},{"__type__":"cc.SpriteComponent","node":{"__id__":69},"_spriteFrame":{"__uuid__":"b6TSWTyQpDn4hNdvtB89NO@f9941"},"_type":3,"_fillType":2,"_fillCenter":{"__type__":"cc.Vec2","x":0.5,"y":0.5},"_fillStart":0.25,"_fillRange":0.9},{"__type__":"cc.Node","_name":"pN","_parent":{"__id__":1},"_children":[{"__id__":72},{"__id__":73},{"__id__":74},{"__id__":75}],"_active":false,"_components":[{"__type__":"cc.UITransformComponent","node":{"__id__":71},"_contentSize":{"__type__":"cc.Size","width":750,"height":1334}},{"__type__":"cc.WidgetComponent","_name":"pauseNode<WidgetComponent>","node":{"__id__":71},"_alignFlags":45,"_originalWidth":100,"_originalHeight":100}],"_prefab":{"__type__":"cc.PrefabInfo","root":{"__id__":1},"asset":{"__id__":0},"fileId":"f4tXpKckRFU4bmriZfg9eS","_synced":{"default":false,"serializable":false}}},{"__type__":"cc.Node","_name":"bg","_parent":{"__id__":71},"_components":[{"__type__":"cc.UITransformComponent","node":{"__id__":72},"_contentSize":{"__type__":"cc.Size","width":750,"height":1334}},{"__type__":"cc.SpriteComponent","node":{"__id__":72},"_color":{"__type__":"cc.Color","a":150},"_spriteFrame":{"__uuid__":"edNTALYtpFZ552S9f8dXoY@f9941"},"_sizeMode":0},{"__type__":"cc.WidgetComponent","_name":"whitemask<WidgetComponent>","node":{"__id__":72},"_alignFlags":45,"_originalWidth":2,"_originalHeight":2}],"_prefab":{"__type__":"cc.PrefabInfo","root":{"__id__":1},"asset":{"__id__":0},"fileId":"bfk8cePXhECbIVsP1Df7Lt","_synced":{"default":false,"serializable":false}},"_layer":33554432},{"__type__":"cc.Node","_name":"t","_parent":{"__id__":71},"_components":[{"__type__":"cc.UITransformComponent","node":{"__id__":73},"_contentSize":{"__type__":"cc.Size","width":227.12,"height":81.9}},{"__type__":"cc.LabelComponent","node":{"__id__":73},"_string":"PAUSE","_actualFontSize":65,"_fontSize":65,"_lineHeight":65,"_isBold":true},{"__type__":"cc.LabelOutlineComponent","node":{"__id__":73},"_color":{"__type__":"cc.Color"},"_width":4}],"_prefab":{"__type__":"cc.PrefabInfo","root":{"__id__":1},"asset":{"__id__":0},"fileId":"89WQpwD3BHYLf3CI3PLqSb","_synced":{"default":false,"serializable":false}},"_lpos":{"__type__":"cc.Vec3","y":194.237},"_layer":33554432},{"__type__":"cc.Node","_name":"q","_parent":{"__id__":71},"_components":[{"__type__":"cc.UITransformComponent","node":{"__id__":74},"_contentSize":{"__type__":"cc.Size","width":179,"height":65}},{"__type__":"cc.SpriteComponent","node":{"__id__":74},"_spriteFrame":{"__uuid__":"97Cu4xo8pDwbSBxnLRA1Hj@f9941"}},{"__type__":"cc.ButtonComponent","node":{"__id__":74},"clickEvents":[{"__type__":"cc.ClickEvent","target":{"__id__":1},"_componentId":"0d27dSWrSdJ0bE0q7wSe+2Q","handler":"onQuitClick"}],"_transition":3}],"_prefab":{"__type__":"cc.PrefabInfo","root":{"__id__":1},"asset":{"__id__":0},"fileId":"1azWpsbgFI/a51jSoWaQ3F","_synced":{"default":false,"serializable":false}},"_lpos":{"__type__":"cc.Vec3","x":-130,"y":-1.455},"_layer":33554432},{"__type__":"cc.Node","_name":"r","_parent":{"__id__":71},"_components":[{"__type__":"cc.UITransformComponent","node":{"__id__":75},"_contentSize":{"__type__":"cc.Size","width":179,"height":65}},{"__type__":"cc.SpriteComponent","node":{"__id__":75},"_spriteFrame":{"__uuid__":"6cIMTwdi1JXbjkn9ebqQXk@f9941"}},{"__type__":"cc.ButtonComponent","node":{"__id__":75},"clickEvents":[{"__type__":"cc.ClickEvent","target":{"__id__":1},"_componentId":"0d27dSWrSdJ0bE0q7wSe+2Q","handler":"onResumeClick"}],"_transition":3}],"_prefab":{"__type__":"cc.PrefabInfo","root":{"__id__":1},"asset":{"__id__":0},"fileId":"f0W8nwIPxCmIkOYJeT2Upq","_synced":{"default":false,"serializable":false}},"_lpos":{"__type__":"cc.Vec3","x":130,"y":-1.455},"_layer":33554432},{"__type__":"cc.Node","_name":"tN","_parent":{"__id__":1},"_children":[{"__id__":77},{"__id__":78}],"_active":false,"_components":[{"__type__":"cc.UITransformComponent","node":{"__id__":76},"_contentSize":{"__type__":"cc.Size","width":750,"height":1334}},{"__type__":"cc.WidgetComponent","_name":"pauseNode<WidgetComponent>","node":{"__id__":76},"_alignFlags":45,"_originalWidth":100,"_originalHeight":100}],"_prefab":{"__type__":"cc.PrefabInfo","root":{"__id__":1},"asset":{"__id__":0},"fileId":"2349EM0Y5LOLrzQWru5Osc","_synced":{"default":false,"serializable":false}}},{"__type__":"cc.Node","_name":"bg","_parent":{"__id__":76},"_components":[{"__type__":"cc.UITransformComponent","node":{"__id__":77},"_contentSize":{"__type__":"cc.Size","width":750,"height":1334}},{"__type__":"cc.SpriteComponent","node":{"__id__":77},"_color":{"__type__":"cc.Color","a":150},"_spriteFrame":{"__uuid__":"edNTALYtpFZ552S9f8dXoY@f9941"},"_sizeMode":0},{"__type__":"cc.WidgetComponent","_name":"whitemask<WidgetComponent>","node":{"__id__":77},"_alignFlags":45,"_originalWidth":2,"_originalHeight":2},{"__type__":"cc.BlockInputEventsComponent","node":{"__id__":77}}],"_prefab":{"__type__":"cc.PrefabInfo","root":{"__id__":1},"asset":{"__id__":0},"fileId":"5biN/52JBBe6ZxnzqFfFVY","_synced":{"default":false,"serializable":false}},"_layer":33554432},{"__type__":"cc.Node","_name":"t","_parent":{"__id__":76},"_components":[{"__type__":"cc.UITransformComponent","node":{"__id__":78},"_contentSize":{"__type__":"cc.Size","width":119.23,"height":252}},{"__id__":79},{"__type__":"cc.LabelOutlineComponent","node":{"__id__":78},"_color":{"__type__":"cc.Color"},"_width":4}],"_prefab":{"__type__":"cc.PrefabInfo","root":{"__id__":1},"asset":{"__id__":0},"fileId":"0d2/Ive9lMopE5cBqKMl2v","_synced":{"default":false,"serializable":false}},"_lpos":{"__type__":"cc.Vec3","y":194.237},"_layer":33554432},{"__type__":"cc.LabelComponent","node":{"__id__":78},"_string":"3","_actualFontSize":200,"_fontSize":200,"_lineHeight":200,"_isBold":true},{"__type__":"cc.Node","_name":"w","_parent":{"__id__":1},"_components":[{"__type__":"cc.UITransformComponent","node":{"__id__":80},"_contentSize":{"__type__":"cc.Size","width":750,"height":1334}},{"__type__":"cc.SpriteComponent","node":{"__id__":80},"_color":{"__type__":"cc.Color","r":255,"g":255,"b":255,"a":0},"_spriteFrame":{"__uuid__":"edNTALYtpFZ552S9f8dXoY@f9941"},"_sizeMode":0},{"__type__":"cc.WidgetComponent","_name":"whitemask<WidgetComponent>","node":{"__id__":80},"_alignFlags":45,"_originalWidth":2,"_originalHeight":2}],"_prefab":{"__type__":"cc.PrefabInfo","root":{"__id__":1},"asset":{"__id__":0},"fileId":"33DqA/wHlPLITxDOJZ2s9A","_synced":{"default":false,"serializable":false}},"_layer":33554432},{"__type__":"cc.Node","_name":"b","_parent":{"__id__":1},"_active":false,"_components":[{"__type__":"cc.UITransformComponent","node":{"__id__":81},"_contentSize":{"__type__":"cc.Size","width":750,"height":1334}},{"__id__":82},{"__type__":"cc.WidgetComponent","_name":"whitemask<WidgetComponent>","node":{"__id__":81},"_alignFlags":45,"_originalWidth":2,"_originalHeight":2}],"_prefab":{"__type__":"cc.PrefabInfo","root":{"__id__":1},"asset":{"__id__":0},"fileId":"dfVDpO7M1LXZcVZ7hpBCiF","_synced":{"default":false,"serializable":false}},"_layer":33554432},{"__type__":"cc.SpriteComponent","node":{"__id__":81},"_color":{"__type__":"cc.Color","a":0},"_spriteFrame":{"__uuid__":"edNTALYtpFZ552S9f8dXoY@f9941"},"_sizeMode":0},{"__type__":"cc.AnimationComponent","_name":"GamePage<AnimationComponent>","node":{"__id__":1},"_clips":[{"__uuid__":"8dFxcw/mhFpK1RzVkFyQ96"}],"_defaultClip":{"__uuid__":"8dFxcw/mhFpK1RzVkFyQ96"}}],{"__type__":"cc.AnimationClip","_name":"cleanroad","speed":0.2,"wrapMode":0,"_duration":0.16666666666666666,"_keys":[[0,0.08333333333333333,0.11666666666666667,0.16666666666666666]],"_curves":[{"modifiers":[{"__type__":"cc.animation.HierarchyPath","path":"w"},{"__type__":"cc.animation.ComponentPath","component":"cc.SpriteComponent"},"color"],"data":{"keys":0,"values":[{"__type__":"cc.Color","r":255,"g":255,"b":255,"a":0},{"__type__":"cc.Color","r":255,"g":255,"b":255},{"__type__":"cc.Color","r":255,"g":255,"b":255},{"__type__":"cc.Color","r":255,"g":255,"b":255,"a":0}],"easingMethods":{}}}],"_hash":2145652952},{"__type__":"cc.BitmapFont","_name":"Number","spriteFrame":{"__uuid__":"93NAwexaNLJIQJDSbLTATV@f9941"},"fontSize":64,"fntConfig":{"commonHeight":74,"fontSize":64,"atlasName":"Number.png","fontDefDictionary":{"48":{"rect":{"x":49,"y":2,"width":41,"height":55},"xOffset":6,"yOffset":7,"xAdvance":40},"49":{"rect":{"x":44,"y":117,"width":31,"height":55},"xOffset":7,"yOffset":7,"xAdvance":40},"50":{"rect":{"x":92,"y":2,"width":41,"height":55},"xOffset":7,"yOffset":6,"xAdvance":40},"51":{"rect":{"x":135,"y":2,"width":41,"height":55},"xOffset":6,"yOffset":7,"xAdvance":40},"52":{"rect":{"x":2,"y":2,"width":45,"height":56},"xOffset":4,"yOffset":6,"xAdvance":40},"53":{"rect":{"x":2,"y":60,"width":41,"height":55},"xOffset":6,"yOffset":7,"xAdvance":40},"54":{"rect":{"x":45,"y":60,"width":41,"height":55},"xOffset":6,"yOffset":7,"xAdvance":40},"55":{"rect":{"x":2,"y":117,"width":40,"height":55},"xOffset":8,"yOffset":7,"xAdvance":40},"56":{"rect":{"x":88,"y":60,"width":41,"height":55},"xOffset":6,"yOffset":7,"xAdvance":40},"57":{"rect":{"x":131,"y":60,"width":41,"height":55},"xOffset":5,"yOffset":7,"xAdvance":40}},"kerningDict":{}}}]
