[[{"__type__":"cc.Prefab","data":{"__id__":1}},{"__type__":"cc.Node","_name":"honglvdeng","_children":[{"__id__":2}],"_components":[{"__type__":"bc351P2bSVAarG7x7CzOlN0","node":{"__id__":1},"type":2},{"__type__":"cc.BoxColliderComponent","node":{"__id__":1},"_center":{"__type__":"cc.Vec3","y":15},"_size":{"__type__":"cc.Vec3","x":3,"y":40,"z":3}}],"_prefab":{"__type__":"cc.PrefabInfo","root":{"__id__":1},"asset":{"__id__":0},"fileId":"16yT+OPuhNuIDOUlDf6X1S","_synced":{"default":false,"serializable":false}}},{"__type__":"cc.Node","_name":"SM_Prop_TrafficLight_01","_parent":{"__id__":1},"_components":[{"__type__":"cc.ModelComponent","node":{"__id__":2},"_materials":[{"__uuid__":"3d5m6q/VlBlZgsozpzNrnf"}],"lightmapSettings":{"__type__":"cc.ModelLightmapSettings"},"_mesh":{"__uuid__":"efJ7qXJ05K1buQj0ooyVaL@2eeae"}}],"_prefab":{"__type__":"cc.PrefabInfo","root":{"__id__":1},"asset":{"__id__":0},"fileId":"7eEhnS6ZFJaIv+rp/AMJBv","_synced":{"default":false,"serializable":false}},"_lscale":{"__type__":"cc.Vec3","x":19,"y":19,"z":19}}],{"__type__":"cc.Mesh","_native":".bin","_struct":{"primitives":[{"primitiveMode":7,"vertexBundelIndices":[0],"indexView":{"offset":6300,"length":888,"count":444,"stride":2}}],"vertexBundles":[{"view":{"offset":0,"length":6300,"count":315,"stride":20},"attributes":[{"name":"a_position","format":32,"isNormalized":false},{"name":"a_texCoord","format":21,"isNormalized":false}]}],"minPosition":{"__type__":"cc.Vec3","x":-0.271308571100235,"y":-1.3709849255860718e-8,"z":-0.31364476680755615},"maxPosition":{"__type__":"cc.Vec3","x":0.271308571100235,"y":2.231818914413452,"z":0.22897212207317352}},"_dataLength":7188,"_hash":1513393839}]
