[{"__type__":"cc.Mesh","_native":".bin","_struct":{"primitives":[{"primitiveMode":7,"vertexBundelIndices":[0],"indexView":{"offset":840,"length":108,"count":54,"stride":2}}],"vertexBundles":[{"view":{"offset":0,"length":840,"count":42,"stride":20},"attributes":[{"name":"a_position","format":32,"isNormalized":false},{"name":"a_texCoord","format":21,"isNormalized":false}]}],"minPosition":{"__type__":"cc.Vec3","x":-13.002058982849121,"y":-16.321996688842773,"z":-0.0024945831391960382},"maxPosition":{"__type__":"cc.Vec3","x":13.043953895568848,"y":16.321996688842773,"z":13.172098159790039}},"_dataLength":948,"_hash":4021100900},[{"__type__":"cc.Prefab","data":{"__id__":1}},{"__type__":"cc.Node","_name":"qiaodong","_children":[{"__id__":2},{"__id__":6},{"__id__":7},{"__id__":8}],"_components":[{"__type__":"bc351P2bSVAarG7x7CzOlN0","_name":"qiaodong<Block>","node":{"__id__":1},"type":2},{"__type__":"cc.BoxColliderComponent","_name":"qiaodong<BoxColliderComponent>","node":{"__id__":1},"_center":{"__type__":"cc.Vec3","y":20,"z":-5},"_size":{"__type__":"cc.Vec3","x":20,"y":40,"z":56.668}}],"_prefab":{"__type__":"cc.PrefabInfo","root":{"__id__":1},"asset":{"__id__":0},"fileId":"36o6crNZZGyo26kqSp4822","_synced":{"default":false,"serializable":false}},"_lpos":{"__type__":"cc.Vec3","z":-180}},{"__type__":"cc.Node","_name":"qiaoliang","_parent":{"__id__":1},"_children":[{"__id__":3},{"__id__":4},{"__id__":5}],"_components":[{"__type__":"bc351P2bSVAarG7x7CzOlN0","node":{"__id__":2},"type":2},{"__type__":"cc.BoxColliderComponent","_name":"qiaodong<BoxColliderComponent>","node":{"__id__":2},"_center":{"__type__":"cc.Vec3","y":25},"_size":{"__type__":"cc.Vec3","x":100,"y":60,"z":10}}],"_prefab":{"__type__":"cc.PrefabInfo","root":{"__id__":1},"asset":{"__id__":0},"fileId":"31ZwmqO3JBDaWxiAG6pqK5","_synced":{"default":false,"serializable":false}},"_lpos":{"__type__":"cc.Vec3","y":45}},{"__type__":"cc.Node","_name":"Box008","_parent":{"__id__":2},"_components":[{"__type__":"cc.ModelComponent","node":{"__id__":3},"_materials":[{"__uuid__":"3d5m6q/VlBlZgsozpzNrnf"}],"lightmapSettings":{"__type__":"cc.ModelLightmapSettings"},"_mesh":{"__uuid__":"eemVWoBfpPM47eXRPgPtp4@9259d"}}],"_prefab":{"__type__":"cc.PrefabInfo","root":{"__id__":1},"asset":{"__id__":0},"fileId":"29b1pHG4RMUqEOrE3F9DJr","_synced":{"default":false,"serializable":false}},"_lrot":{"__type__":"cc.Quat","x":-0.7071067811865476,"w":0.7071067811865475},"_lscale":{"__type__":"cc.Vec3","x":6,"y":6.008507251739502,"z":2.5399999618530305},"_euler":{"__type__":"cc.Vec3","x":-90.00000000000003}},{"__type__":"cc.Node","_name":"Box009","_parent":{"__id__":2},"_components":[{"__type__":"cc.ModelComponent","node":{"__id__":4},"_materials":[{"__uuid__":"3d5m6q/VlBlZgsozpzNrnf"}],"lightmapSettings":{"__type__":"cc.ModelLightmapSettings"},"_mesh":{"__uuid__":"eemVWoBfpPM47eXRPgPtp4@9259d"}}],"_prefab":{"__type__":"cc.PrefabInfo","root":{"__id__":1},"asset":{"__id__":0},"fileId":"c9OKiSwq9Lo6RYshLr/x31","_synced":{"default":false,"serializable":false}},"_lpos":{"__type__":"cc.Vec3","x":194},"_lrot":{"__type__":"cc.Quat","x":-0.7071067811865476,"w":0.7071067811865475},"_lscale":{"__type__":"cc.Vec3","x":6,"y":6.008507251739502,"z":2.5399999618530305},"_euler":{"__type__":"cc.Vec3","x":-90.00000000000003}},{"__type__":"cc.Node","_name":"Box010","_parent":{"__id__":2},"_components":[{"__type__":"cc.ModelComponent","node":{"__id__":5},"_materials":[{"__uuid__":"3d5m6q/VlBlZgsozpzNrnf"}],"lightmapSettings":{"__type__":"cc.ModelLightmapSettings"},"_mesh":{"__uuid__":"eemVWoBfpPM47eXRPgPtp4@9259d"}}],"_prefab":{"__type__":"cc.PrefabInfo","root":{"__id__":1},"asset":{"__id__":0},"fileId":"5fasL2skNIToKFh6rmCgiR","_synced":{"default":false,"serializable":false}},"_lpos":{"__type__":"cc.Vec3","x":-194},"_lrot":{"__type__":"cc.Quat","x":-0.7071067811865476,"w":0.7071067811865475},"_lscale":{"__type__":"cc.Vec3","x":6,"y":6.008507251739502,"z":2.5399999618530305},"_euler":{"__type__":"cc.Vec3","x":-90.00000000000003}},{"__type__":"cc.Node","_name":"dun","_parent":{"__id__":1},"_components":[{"__type__":"cc.ModelComponent","node":{"__id__":6},"_materials":[{"__uuid__":"3d5m6q/VlBlZgsozpzNrnf"}],"lightmapSettings":{"__type__":"cc.ModelLightmapSettings"},"_mesh":{"__uuid__":"d33RTAvfdAeqZRpcmHiUOd@17ab5"}}],"_prefab":{"__type__":"cc.PrefabInfo","root":{"__id__":1},"asset":{"__id__":0},"fileId":"99uvZldHlIIqOE/+xfs1Kl","_synced":{"default":false,"serializable":false}},"_lpos":{"__type__":"cc.Vec3","z":-5},"_lrot":{"__type__":"cc.Quat","x":-0.7071067811865476,"w":0.7071067811865475},"_lscale":{"__type__":"cc.Vec3","x":1.0322722196579,"y":2.1089346408844003,"z":3.5559999465942425},"_euler":{"__type__":"cc.Vec3","x":-90.00000000000003}},{"__type__":"cc.Node","_name":"dun","_parent":{"__id__":1},"_components":[{"__type__":"cc.ModelComponent","node":{"__id__":7},"_materials":[{"__uuid__":"3d5m6q/VlBlZgsozpzNrnf"}],"lightmapSettings":{"__type__":"cc.ModelLightmapSettings"},"_mesh":{"__uuid__":"d33RTAvfdAeqZRpcmHiUOd@17ab5"}}],"_prefab":{"__type__":"cc.PrefabInfo","root":{"__id__":1},"asset":{"__id__":0},"fileId":"4aLjOIebFJf4UlDZ+EUeYC","_synced":{"default":false,"serializable":false}},"_lpos":{"__type__":"cc.Vec3","x":-90,"z":-5},"_lrot":{"__type__":"cc.Quat","x":-0.7071067811865476,"w":0.7071067811865475},"_lscale":{"__type__":"cc.Vec3","x":1.0322722196579,"y":2.1089346408844003,"z":3.5559999465942425},"_euler":{"__type__":"cc.Vec3","x":-90.00000000000003}},{"__type__":"cc.Node","_name":"dun","_parent":{"__id__":1},"_components":[{"__type__":"cc.ModelComponent","node":{"__id__":8},"_materials":[{"__uuid__":"3d5m6q/VlBlZgsozpzNrnf"}],"lightmapSettings":{"__type__":"cc.ModelLightmapSettings"},"_mesh":{"__uuid__":"d33RTAvfdAeqZRpcmHiUOd@17ab5"}}],"_prefab":{"__type__":"cc.PrefabInfo","root":{"__id__":1},"asset":{"__id__":0},"fileId":"4aLjOIebFJf4UlDZ+EUeYC","_synced":{"default":false,"serializable":false}},"_lpos":{"__type__":"cc.Vec3","x":90,"z":-5},"_lrot":{"__type__":"cc.Quat","x":-0.7071067811865476,"w":0.7071067811865475},"_lscale":{"__type__":"cc.Vec3","x":1.0322722196579,"y":2.1089346408844003,"z":3.5559999465942425},"_euler":{"__type__":"cc.Vec3","x":-90.00000000000003}}],{"__type__":"cc.Mesh","_native":".bin","_struct":{"primitives":[{"primitiveMode":7,"vertexBundelIndices":[0],"indexView":{"offset":6120,"length":936,"count":468,"stride":2}}],"vertexBundles":[{"view":{"offset":0,"length":6120,"count":306,"stride":20},"attributes":[{"name":"a_position","format":32,"isNormalized":false},{"name":"a_texCoord","format":21,"isNormalized":false}]}],"minPosition":{"__type__":"cc.Vec3","x":-16.250675201416016,"y":-6.1015801429748535,"z":-0.0002954101364593953},"maxPosition":{"__type__":"cc.Vec3","x":16.250675201416016,"y":6.1015801429748535,"z":6.963715553283691}},"_dataLength":7056,"_hash":2004050407}]
