[[{"__type__":"cc.Prefab","data":{"__id__":1}},{"__type__":"cc.Node","_name":"xiaoche1","_children":[{"__id__":2}],"_components":[{"__type__":"cc.BoxColliderComponent","_name":"xiaoche<BoxColliderComponent>","node":{"__id__":1},"_center":{"__type__":"cc.Vec3","y":15},"_size":{"__type__":"cc.Vec3","x":18,"y":30,"z":65}},{"__type__":"bc351P2bSVAarG7x7CzOlN0","node":{"__id__":1},"type":5}],"_prefab":{"__type__":"cc.PrefabInfo","root":{"__id__":1},"asset":{"__id__":0},"fileId":"a5X+ISsW1HTJb+H8DP812q","_synced":{"default":false,"serializable":false}}},{"__type__":"cc.Node","_name":"SM_Veh_SchoolBus_003","_parent":{"__id__":1},"_components":[{"__type__":"cc.ModelComponent","node":{"__id__":2},"_materials":[{"__uuid__":"3d5m6q/VlBlZgsozpzNrnf"}],"lightmapSettings":{"__type__":"cc.ModelLightmapSettings"},"_mesh":{"__uuid__":"44NTJzRHlHkqX7p1YjArCZ@1d0e5"}}],"_prefab":{"__type__":"cc.PrefabInfo","root":{"__id__":1},"asset":{"__id__":0},"fileId":"1bmpQukIhNEbii/1D3Q7V9","_synced":{"default":false,"serializable":false}},"_lpos":{"__type__":"cc.Vec3","y":0.3,"z":11.556},"_lscale":{"__type__":"cc.Vec3","x":23.2717933654785,"y":20,"z":20.0000038146973},"_euler":{"__type__":"cc.Vec3","x":0.000009334667642611398}}],{"__type__":"cc.Mesh","_native":".bin","_struct":{"primitives":[{"primitiveMode":7,"vertexBundelIndices":[0],"indexView":{"offset":14460,"length":2754,"count":1377,"stride":2}}],"vertexBundles":[{"view":{"offset":0,"length":14460,"count":723,"stride":20},"attributes":[{"name":"a_position","format":32,"isNormalized":false},{"name":"a_texCoord","format":21,"isNormalized":false}]}],"minPosition":{"__type__":"cc.Vec3","x":-0.4482026696205139,"y":-0.011771726422011852,"z":-2.2189857959747314},"maxPosition":{"__type__":"cc.Vec3","x":0.4462195932865143,"y":1.417323112487793,"z":1.0419880151748657}},"_dataLength":17214,"_hash":4027515404}]
