[{"__type__":"cc.Mesh","_native":".bin","_struct":{"primitives":[{"primitiveMode":7,"vertexBundelIndices":[0],"indexView":{"offset":12700,"length":2316,"count":1158,"stride":2}}],"vertexBundles":[{"view":{"offset":0,"length":12700,"count":635,"stride":20},"attributes":[{"name":"a_position","format":32,"isNormalized":false},{"name":"a_texCoord","format":21,"isNormalized":false}]}],"minPosition":{"__type__":"cc.Vec3","x":-0.5657330751419067,"y":-0.007679328788071871,"z":-3.3480958938598633},"maxPosition":{"__type__":"cc.Vec3","x":0.4833441376686096,"y":1.4129960536956787,"z":1.545430064201355}},"_dataLength":15016,"_hash":955772027},[{"__type__":"cc.Prefab","data":{"__id__":1}},{"__type__":"cc.Node","_name":"gongjiaoche1","_children":[{"__id__":2}],"_components":[{"__type__":"bc351P2bSVAarG7x7CzOlN0","node":{"__id__":1},"type":5},{"__type__":"cc.BoxColliderComponent","_name":"gongjiaoche<BoxColliderComponent>","node":{"__id__":1},"_center":{"__type__":"cc.Vec3","y":15},"_size":{"__type__":"cc.Vec3","x":18,"y":30,"z":100}}],"_prefab":{"__type__":"cc.PrefabInfo","root":{"__id__":1},"asset":{"__id__":0},"fileId":"cdta7DZU1NsaEDRcFr3tkk","_synced":{"default":false,"serializable":false}}},{"__type__":"cc.Node","_name":"SM_Veh_Bus_003","_parent":{"__id__":1},"_components":[{"__type__":"cc.ModelComponent","node":{"__id__":2},"_materials":[{"__uuid__":"3d5m6q/VlBlZgsozpzNrnf"}],"lightmapSettings":{"__type__":"cc.ModelLightmapSettings"},"_mesh":{"__uuid__":"a3W/ylxNtMHZSd9+nR2JKT@34595"}}],"_prefab":{"__type__":"cc.PrefabInfo","root":{"__id__":1},"asset":{"__id__":0},"fileId":"4b4sEq05hFG51DFC0c+qrj","_synced":{"default":false,"serializable":false}},"_lpos":{"__type__":"cc.Vec3","y":0.3,"z":18.118},"_lscale":{"__type__":"cc.Vec3","x":20,"y":20,"z":20}}]]
