[[{"__type__":"cc.Prefab","data":{"__id__":1}},{"__type__":"cc.Node","_name":"jinzhuan","_children":[{"__id__":2},{"__id__":5}],"_components":[{"__type__":"cc.BoxColliderComponent","node":{"__id__":1},"_size":{"__type__":"cc.Vec3","x":6,"y":6,"z":6}},{"__type__":"5ba31vxC55K+Z7WMnvemaMH","node":{"__id__":1},"type":1,"coinNode1":{"__id__":2},"coinNode2":{"__id__":5}}],"_prefab":{"__type__":"cc.PrefabInfo","root":{"__id__":1},"asset":{"__id__":0},"fileId":"e3bT9OwapM67eMoQ9EAaOQ","_synced":{"default":false,"serializable":false}}},{"__type__":"cc.Node","_name":"jinzhuan1","_parent":{"__id__":1},"_children":[{"__id__":3}],"_prefab":{"__type__":"cc.PrefabInfo","root":{"__id__":1},"asset":{"__id__":0},"fileId":"997erVIQFGUoijjrvoR0DY","_synced":{"default":false,"serializable":false}}},{"__type__":"cc.Node","_name":"RootNode","_parent":{"__id__":2},"_children":[{"__id__":4}],"_prefab":{"__type__":"cc.PrefabInfo","root":{"__id__":1},"asset":{"__id__":0},"fileId":"d4qSaS+UVIHa2Ynw19aZDI","_synced":{"default":false,"serializable":false}}},{"__type__":"cc.Node","_name":"Box005","_parent":{"__id__":3},"_components":[{"__type__":"cc.ModelComponent","node":{"__id__":4},"_materials":[{"__uuid__":"3d5m6q/VlBlZgsozpzNrnf"}],"lightmapSettings":{"__type__":"cc.ModelLightmapSettings"},"_mesh":{"__uuid__":"f5lDwbmnJCxKJtM8fsBdS1@89291"}}],"_prefab":{"__type__":"cc.PrefabInfo","root":{"__id__":1},"asset":{"__id__":0},"fileId":"82swNnmNVDN5nmoxjC9Gi7","_synced":{"default":false,"serializable":false}},"_lrot":{"__type__":"cc.Quat","x":-0.24721123659497155,"y":-0.000007728050269250847,"z":-0.000001974055097419101,"w":0.9689616114364724},"_lscale":{"__type__":"cc.Vec3","x":61,"y":61,"z":61},"_euler":{"__type__":"cc.Vec3","x":-28.62509736790952,"y":-0.0009140043501957141,"z":-2.6616693982934057e-7}},{"__type__":"cc.Node","_name":"jinzhuan2","_parent":{"__id__":1},"_children":[{"__id__":6}],"_prefab":{"__type__":"cc.PrefabInfo","root":{"__id__":1},"asset":{"__id__":0},"fileId":"bcA32RzgFCa5WyhQPGKeu6","_synced":{"default":false,"serializable":false}},"_lpos":{"__type__":"cc.Vec3","x":3}},{"__type__":"cc.Node","_name":"RootNode","_parent":{"__id__":5},"_children":[{"__id__":7}],"_prefab":{"__type__":"cc.PrefabInfo","root":{"__id__":1},"asset":{"__id__":0},"fileId":"6efQIa2ptHB5aCH5xpXDwg","_synced":{"default":false,"serializable":false}}},{"__type__":"cc.Node","_name":"Box005","_parent":{"__id__":6},"_components":[{"__type__":"cc.ModelComponent","node":{"__id__":7},"_materials":[{"__uuid__":"3d5m6q/VlBlZgsozpzNrnf"}],"lightmapSettings":{"__type__":"cc.ModelLightmapSettings"},"_mesh":{"__uuid__":"f5lDwbmnJCxKJtM8fsBdS1@89291"}}],"_prefab":{"__type__":"cc.PrefabInfo","root":{"__id__":1},"asset":{"__id__":0},"fileId":"2fJdVJm9FBW7mDaIXdhEhg","_synced":{"default":false,"serializable":false}},"_lrot":{"__type__":"cc.Quat","x":-0.24721123659497155,"y":-0.000007728050269250847,"z":-0.000001974055097419101,"w":0.9689616114364724},"_lscale":{"__type__":"cc.Vec3","x":61,"y":61,"z":61},"_euler":{"__type__":"cc.Vec3","x":-28.62509736790952,"y":-0.0009140043501957141,"z":-2.6616693982934057e-7}}],{"__type__":"cc.Mesh","_native":".bin","_struct":{"primitives":[{"primitiveMode":7,"vertexBundelIndices":[0],"indexView":{"offset":2304,"length":168,"count":84,"stride":2}}],"vertexBundles":[{"view":{"offset":0,"length":2304,"count":48,"stride":48},"attributes":[{"name":"a_position","format":32,"isNormalized":false},{"name":"a_normal","format":32,"isNormalized":false},{"name":"a_texCoord","format":21,"isNormalized":false},{"name":"a_tangent","format":43,"isNormalized":false}]}],"minPosition":{"__type__":"cc.Vec3","x":-0.026274677366018295,"y":-0.06776180863380432},"maxPosition":{"__type__":"cc.Vec3","x":0.03490760549902916,"y":0.04552128165960312,"z":0.040156040340662}},"_dataLength":2472,"_hash":579392400}]
