[[{"__type__":"cc.Prefab","data":{"__id__":1}},{"__type__":"cc.Node","_name":"road_heliu","_children":[{"__id__":2},{"__id__":3},{"__id__":4},{"__id__":5},{"__id__":6},{"__id__":7},{"__id__":22}],"_components":[{"__type__":"92ec5dpDHNBm7eOo93MOjna","_name":"road_heliu1<Road>","node":{"__id__":1},"coinsNode":{"__id__":4},"itemsNode":{"__id__":5},"blocksNode":{"__id__":6},"headNode":{"__id__":16},"tailNode":{"__id__":19},"lightNode":{"__id__":22}}],"_prefab":{"__type__":"cc.PrefabInfo","root":{"__id__":1},"asset":{"__id__":0},"fileId":"c1gambebdAlpiU2Lr7rPqD","_synced":{"default":false,"serializable":false}}},{"__type__":"cc.Node","_name":"road","_parent":{"__id__":1},"_components":[{"__type__":"cc.ModelComponent","node":{"__id__":2},"_materials":[{"__uuid__":"3d5m6q/VlBlZgsozpzNrnf"}],"lightmapSettings":{"__type__":"cc.ModelLightmapSettings"},"_mesh":{"__uuid__":"c6aE5nurFAZoO07LH5qF4e@d0fdf"}}],"_prefab":{"__type__":"cc.PrefabInfo","root":{"__id__":1},"asset":{"__id__":0},"fileId":"54PRAEyVpPf76WuEMPrfh7","_synced":{"default":false,"serializable":false}},"_lpos":{"__type__":"cc.Vec3","y":-2.59081184071196e-14,"z":-90},"_lrot":{"__type__":"cc.Quat","x":-0.7071067811865476,"w":0.7071067811865475},"_lscale":{"__type__":"cc.Vec3","x":50.799999237060604,"y":50.79999923706061,"z":50.79999923706061},"_euler":{"__type__":"cc.Vec3","x":-90.00000000000003}},{"__type__":"cc.Node","_name":"road","_parent":{"__id__":1},"_components":[{"__type__":"cc.ModelComponent","node":{"__id__":3},"_materials":[{"__uuid__":"3d5m6q/VlBlZgsozpzNrnf"}],"lightmapSettings":{"__type__":"cc.ModelLightmapSettings"},"_mesh":{"__uuid__":"c6aE5nurFAZoO07LH5qF4e@d0fdf"}}],"_prefab":{"__type__":"cc.PrefabInfo","root":{"__id__":1},"asset":{"__id__":0},"fileId":"f4eEQyoDhCpbmEAYiYKptQ","_synced":{"default":false,"serializable":false}},"_lpos":{"__type__":"cc.Vec3","y":-2.59081184071196e-14,"z":-270},"_lrot":{"__type__":"cc.Quat","x":-0.7071067811865476,"w":0.7071067811865475},"_lscale":{"__type__":"cc.Vec3","x":50.799999237060604,"y":50.79999923706061,"z":50.79999923706061},"_euler":{"__type__":"cc.Vec3","x":-90.00000000000003}},{"__type__":"cc.Node","_name":"coinsNode","_parent":{"__id__":1},"_prefab":{"__type__":"cc.PrefabInfo","root":{"__id__":1},"asset":{"__id__":0},"fileId":"60c9tHAlZBcZ+XzOW1HfJg","_synced":{"default":false,"serializable":false}}},{"__type__":"cc.Node","_name":"itemsNode","_parent":{"__id__":1},"_prefab":{"__type__":"cc.PrefabInfo","root":{"__id__":1},"asset":{"__id__":0},"fileId":"12xJ0tGZFPaqFgdsegW8tm","_synced":{"default":false,"serializable":false}}},{"__type__":"cc.Node","_name":"blocksNode","_parent":{"__id__":1},"_prefab":{"__type__":"cc.PrefabInfo","root":{"__id__":1},"asset":{"__id__":0},"fileId":"77wnYeJZFO2LDMqNRNwx9y","_synced":{"default":false,"serializable":false}}},{"__type__":"cc.Node","_name":"env","_parent":{"__id__":1},"_children":[{"__id__":8},{"__id__":9},{"__id__":10},{"__id__":11},{"__id__":12},{"__id__":13},{"__id__":14},{"__id__":15},{"__id__":16},{"__id__":19}],"_prefab":{"__type__":"cc.PrefabInfo","root":{"__id__":1},"asset":{"__id__":0},"fileId":"95EswPPWZBap2bgmOSc5br","_synced":{"default":false,"serializable":false}},"_lpos":{"__type__":"cc.Vec3","y":-0.642}},{"__type__":"cc.Node","_name":"lb","_parent":{"__id__":7},"_components":[{"__type__":"cc.ModelComponent","_name":"Rectangle008<ModelComponent>","node":{"__id__":8},"_materials":[{"__uuid__":"3d5m6q/VlBlZgsozpzNrnf"}],"lightmapSettings":{"__type__":"cc.ModelLightmapSettings"},"_mesh":{"__uuid__":"d6TMbbokdMfoxNiyldw3sd@a8c04"}}],"_prefab":{"__type__":"cc.PrefabInfo","root":{"__id__":1},"asset":{"__id__":0},"fileId":"3fqDRCrClOkbGoLticQKyz","_synced":{"default":false,"serializable":false}},"_lpos":{"__type__":"cc.Vec3","x":-141,"y":-0.29999999999999993,"z":-90},"_lrot":{"__type__":"cc.Quat","x":-0.7071067811865477,"w":0.7071067811865474},"_lscale":{"__type__":"cc.Vec3","x":5.07999992370606,"y":2.53999996185303,"z":2.53999996185303},"_euler":{"__type__":"cc.Vec3","x":-90.00000000000004}},{"__type__":"cc.Node","_name":"lt","_parent":{"__id__":7},"_components":[{"__type__":"cc.ModelComponent","_name":"Rectangle008<ModelComponent>","node":{"__id__":9},"_materials":[{"__uuid__":"3d5m6q/VlBlZgsozpzNrnf"}],"lightmapSettings":{"__type__":"cc.ModelLightmapSettings"},"_mesh":{"__uuid__":"d6TMbbokdMfoxNiyldw3sd@a8c04"}}],"_prefab":{"__type__":"cc.PrefabInfo","root":{"__id__":1},"asset":{"__id__":0},"fileId":"6fFUs0nspFHIAhzRzafqdW","_synced":{"default":false,"serializable":false}},"_lpos":{"__type__":"cc.Vec3","x":-141,"y":-0.29999999999999993,"z":-270},"_lrot":{"__type__":"cc.Quat","x":-0.7071067811865477,"w":0.7071067811865474},"_lscale":{"__type__":"cc.Vec3","x":5.07999992370606,"y":2.53999996185303,"z":2.53999996185303},"_euler":{"__type__":"cc.Vec3","x":-90.00000000000004}},{"__type__":"cc.Node","_name":"rb","_parent":{"__id__":7},"_components":[{"__type__":"cc.ModelComponent","_name":"Rectangle008<ModelComponent>","node":{"__id__":10},"_materials":[{"__uuid__":"3d5m6q/VlBlZgsozpzNrnf"}],"lightmapSettings":{"__type__":"cc.ModelLightmapSettings"},"_mesh":{"__uuid__":"d6TMbbokdMfoxNiyldw3sd@a8c04"}}],"_prefab":{"__type__":"cc.PrefabInfo","root":{"__id__":1},"asset":{"__id__":0},"fileId":"3bACRHbs5J7bto7dTC+avC","_synced":{"default":false,"serializable":false}},"_lpos":{"__type__":"cc.Vec3","x":141,"y":-0.29999999999999993,"z":-90},"_lrot":{"__type__":"cc.Quat","x":-0.7071067811865477,"w":0.7071067811865474},"_lscale":{"__type__":"cc.Vec3","x":5.07999992370606,"y":2.53999996185303,"z":2.53999996185303},"_euler":{"__type__":"cc.Vec3","x":-90.00000000000004}},{"__type__":"cc.Node","_name":"rt","_parent":{"__id__":7},"_components":[{"__type__":"cc.ModelComponent","_name":"Rectangle008<ModelComponent>","node":{"__id__":11},"_materials":[{"__uuid__":"3d5m6q/VlBlZgsozpzNrnf"}],"lightmapSettings":{"__type__":"cc.ModelLightmapSettings"},"_mesh":{"__uuid__":"d6TMbbokdMfoxNiyldw3sd@a8c04"}}],"_prefab":{"__type__":"cc.PrefabInfo","root":{"__id__":1},"asset":{"__id__":0},"fileId":"9ayKNjcW1EAKPQ6IUUeHR9","_synced":{"default":false,"serializable":false}},"_lpos":{"__type__":"cc.Vec3","x":141,"y":-0.29999999999999993,"z":-270},"_lrot":{"__type__":"cc.Quat","x":-0.7071067811865477,"w":0.7071067811865474},"_lscale":{"__type__":"cc.Vec3","x":5.07999992370606,"y":2.53999996185303,"z":2.53999996185303},"_euler":{"__type__":"cc.Vec3","x":-90.00000000000004}},{"__type__":"cc.Node","_name":"zuo","_parent":{"__id__":7},"_components":[{"__type__":"cc.ModelComponent","node":{"__id__":12},"_materials":[{"__uuid__":"3d5m6q/VlBlZgsozpzNrnf"}],"lightmapSettings":{"__type__":"cc.ModelLightmapSettings"},"_mesh":{"__uuid__":"97kKDkjkpEkoGf84D+IZ1r@cbd6c"}}],"_prefab":{"__type__":"cc.PrefabInfo","root":{"__id__":1},"asset":{"__id__":0},"fileId":"480nnZ26tOv6jJV6vWJAQg","_synced":{"default":false,"serializable":false}},"_lpos":{"__type__":"cc.Vec3","x":-36.99,"z":-90},"_lrot":{"__type__":"cc.Quat","x":-0.7071067811865476,"w":0.7071067811865475},"_lscale":{"__type__":"cc.Vec3","x":0.778504371643066,"y":2.5399999618530305,"z":2.5399999618530305},"_euler":{"__type__":"cc.Vec3","x":-90.00000000000003}},{"__type__":"cc.Node","_name":"zuo1","_parent":{"__id__":7},"_components":[{"__type__":"cc.ModelComponent","node":{"__id__":13},"_materials":[{"__uuid__":"3d5m6q/VlBlZgsozpzNrnf"}],"lightmapSettings":{"__type__":"cc.ModelLightmapSettings"},"_mesh":{"__uuid__":"97kKDkjkpEkoGf84D+IZ1r@cbd6c"}}],"_prefab":{"__type__":"cc.PrefabInfo","root":{"__id__":1},"asset":{"__id__":0},"fileId":"dfTpeRkx1N/YJ5sucCBHqL","_synced":{"default":false,"serializable":false}},"_lpos":{"__type__":"cc.Vec3","x":-36.99,"z":-270},"_lrot":{"__type__":"cc.Quat","x":-0.7071067811865476,"w":0.7071067811865475},"_lscale":{"__type__":"cc.Vec3","x":0.778504371643066,"y":2.5399999618530305,"z":2.5399999618530305},"_euler":{"__type__":"cc.Vec3","x":-90.00000000000003}},{"__type__":"cc.Node","_name":"qiaoyou1","_parent":{"__id__":7},"_components":[{"__type__":"cc.ModelComponent","node":{"__id__":14},"_materials":[{"__uuid__":"3d5m6q/VlBlZgsozpzNrnf"}],"lightmapSettings":{"__type__":"cc.ModelLightmapSettings"},"_mesh":{"__uuid__":"a8nvdp8mZJiaZ5yAu2jAQC@8e2fe"}}],"_prefab":{"__type__":"cc.PrefabInfo","root":{"__id__":1},"asset":{"__id__":0},"fileId":"12lY+E2a1MT5AQSHzVwbSE","_synced":{"default":false,"serializable":false}},"_lpos":{"__type__":"cc.Vec3","x":37,"y":-1.1102230246251565e-16,"z":-270},"_lrot":{"__type__":"cc.Quat","x":-0.7071067811865476,"w":0.7071067811865475},"_lscale":{"__type__":"cc.Vec3","x":0.7785043716430659,"y":2.53999996185303,"z":2.53999996185303},"_euler":{"__type__":"cc.Vec3","x":-90.00000000000003}},{"__type__":"cc.Node","_name":"qiaoyou","_parent":{"__id__":7},"_components":[{"__type__":"cc.ModelComponent","node":{"__id__":15},"_materials":[{"__uuid__":"3d5m6q/VlBlZgsozpzNrnf"}],"lightmapSettings":{"__type__":"cc.ModelLightmapSettings"},"_mesh":{"__uuid__":"a8nvdp8mZJiaZ5yAu2jAQC@8e2fe"}}],"_prefab":{"__type__":"cc.PrefabInfo","root":{"__id__":1},"asset":{"__id__":0},"fileId":"a2c1PB2ElNI5FnbMs0HnIQ","_synced":{"default":false,"serializable":false}},"_lpos":{"__type__":"cc.Vec3","x":37,"z":-90},"_lrot":{"__type__":"cc.Quat","x":-0.7071067811865476,"w":0.7071067811865475},"_lscale":{"__type__":"cc.Vec3","x":0.778504371643066,"y":2.5399999618530305,"z":2.5399999618530305},"_euler":{"__type__":"cc.Vec3","x":-90.00000000000003}},{"__type__":"cc.Node","_name":"head","_parent":{"__id__":7},"_children":[{"__id__":17},{"__id__":18}],"_prefab":{"__type__":"cc.PrefabInfo","root":{"__id__":1},"asset":{"__id__":0},"fileId":"4eDIi0zh9Ci4ZskcZwgBQb","_synced":{"default":false,"serializable":false}},"_lpos":{"__type__":"cc.Vec3","y":-2.248}},{"__type__":"cc.Node","_name":"h1","_parent":{"__id__":16},"_components":[{"__type__":"cc.ModelComponent","node":{"__id__":17},"_materials":[{"__uuid__":"3d5m6q/VlBlZgsozpzNrnf"}],"lightmapSettings":{"__type__":"cc.ModelLightmapSettings"},"_mesh":{"__uuid__":"25UlVK/tBD3oqwwUxg3VHU@44baf"}}],"_prefab":{"__type__":"cc.PrefabInfo","root":{"__id__":1},"asset":{"__id__":0},"fileId":"7fZURY4u1JJpd7+ly3Ovow","_synced":{"default":false,"serializable":false}},"_lpos":{"__type__":"cc.Vec3","x":-67.37},"_lrot":{"__type__":"cc.Quat","x":-0.7071067811865476,"w":0.7071067811865475},"_lscale":{"__type__":"cc.Vec3","x":0.778504371643066,"y":2.5399999618530305,"z":2.5399999618530305},"_euler":{"__type__":"cc.Vec3","x":-90.00000000000003}},{"__type__":"cc.Node","_name":"h2","_parent":{"__id__":16},"_components":[{"__type__":"cc.ModelComponent","node":{"__id__":18},"_materials":[{"__uuid__":"3d5m6q/VlBlZgsozpzNrnf"}],"lightmapSettings":{"__type__":"cc.ModelLightmapSettings"},"_mesh":{"__uuid__":"25UlVK/tBD3oqwwUxg3VHU@44baf"}}],"_prefab":{"__type__":"cc.PrefabInfo","root":{"__id__":1},"asset":{"__id__":0},"fileId":"7cVdvYlbFLfKtwvQWhfQh1","_synced":{"default":false,"serializable":false}},"_lpos":{"__type__":"cc.Vec3","x":67.37},"_lrot":{"__type__":"cc.Quat","x":-0.7071067811865476,"w":0.7071067811865475},"_lscale":{"__type__":"cc.Vec3","x":0.778504371643066,"y":2.5399999618530305,"z":2.5399999618530305},"_euler":{"__type__":"cc.Vec3","x":-90.00000000000003}},{"__type__":"cc.Node","_name":"tail","_parent":{"__id__":7},"_children":[{"__id__":20},{"__id__":21}],"_prefab":{"__type__":"cc.PrefabInfo","root":{"__id__":1},"asset":{"__id__":0},"fileId":"62cQRqC5hH+ZNopWgdbx6s","_synced":{"default":false,"serializable":false}},"_lpos":{"__type__":"cc.Vec3","y":-1.412,"z":-359.314}},{"__type__":"cc.Node","_name":"t1","_parent":{"__id__":19},"_components":[{"__type__":"cc.ModelComponent","node":{"__id__":20},"_materials":[{"__uuid__":"3d5m6q/VlBlZgsozpzNrnf"}],"lightmapSettings":{"__type__":"cc.ModelLightmapSettings"},"_mesh":{"__uuid__":"25UlVK/tBD3oqwwUxg3VHU@44baf"}}],"_prefab":{"__type__":"cc.PrefabInfo","root":{"__id__":1},"asset":{"__id__":0},"fileId":"18LUF52/xPj63jR/qU7/H1","_synced":{"default":false,"serializable":false}},"_lpos":{"__type__":"cc.Vec3","x":-67.37,"y":-0.6419999999999999,"z":-4},"_lrot":{"__type__":"cc.Quat","x":-0.7071067811865476,"w":0.7071067811865475},"_lscale":{"__type__":"cc.Vec3","x":0.778504371643066,"y":2.5399999618530305,"z":2.5399999618530305},"_euler":{"__type__":"cc.Vec3","x":-90.00000000000003}},{"__type__":"cc.Node","_name":"t2","_parent":{"__id__":19},"_components":[{"__type__":"cc.ModelComponent","node":{"__id__":21},"_materials":[{"__uuid__":"3d5m6q/VlBlZgsozpzNrnf"}],"lightmapSettings":{"__type__":"cc.ModelLightmapSettings"},"_mesh":{"__uuid__":"25UlVK/tBD3oqwwUxg3VHU@44baf"}}],"_prefab":{"__type__":"cc.PrefabInfo","root":{"__id__":1},"asset":{"__id__":0},"fileId":"ef2tZdpf9BjYdhSpB90WkR","_synced":{"default":false,"serializable":false}},"_lpos":{"__type__":"cc.Vec3","x":67.378,"y":-0.6419999999999999,"z":-4},"_lrot":{"__type__":"cc.Quat","x":-0.7071067811865476,"w":0.7071067811865475},"_lscale":{"__type__":"cc.Vec3","x":0.778504371643066,"y":2.5399999618530305,"z":2.5399999618530305},"_euler":{"__type__":"cc.Vec3","x":-90.00000000000003}},{"__type__":"cc.Node","_name":"lightNode","_parent":{"__id__":1},"_children":[{"__id__":23},{"__id__":24},{"__id__":25},{"__id__":26}],"_prefab":{"__type__":"cc.PrefabInfo","root":{"__id__":1},"asset":{"__id__":0},"fileId":"ffArCx2VFG059c/djeZLSW","_synced":{"default":false,"serializable":false}}},{"__type__":"cc.Node","_name":"rb","_parent":{"__id__":22},"_components":[{"__type__":"cc.ModelComponent","node":{"__id__":23},"_materials":[{"__uuid__":"3d5m6q/VlBlZgsozpzNrnf"}],"lightmapSettings":{"__type__":"cc.ModelLightmapSettings"},"_mesh":{"__uuid__":"c5S8+UGp5EWbcbuigIURNf@b0587"}}],"_prefab":{"__type__":"cc.PrefabInfo","root":{"__id__":1},"asset":{"__id__":0},"fileId":"9d8LlYCS1PGJ0qt//H7CyU","_synced":{"default":false,"serializable":false}},"_lpos":{"__type__":"cc.Vec3","x":35.43,"z":-90},"_lrot":{"__type__":"cc.Quat","x":5.760116393630647e-8,"y":-0.7071067811865452,"z":5.760116038359273e-8,"w":0.7071067811865451},"_lscale":{"__type__":"cc.Vec3","x":35.71184158325201,"y":35.7118492126465,"z":35.71185684204101},"_euler":{"__type__":"cc.Vec3","x":0.000009334667901998518,"y":-90.00000000000003,"z":-2.8787095393882163e-13}},{"__type__":"cc.Node","_name":"lb","_parent":{"__id__":22},"_components":[{"__type__":"cc.ModelComponent","node":{"__id__":24},"_materials":[{"__uuid__":"3d5m6q/VlBlZgsozpzNrnf"}],"lightmapSettings":{"__type__":"cc.ModelLightmapSettings"},"_mesh":{"__uuid__":"c5S8+UGp5EWbcbuigIURNf@b0587"}}],"_prefab":{"__type__":"cc.PrefabInfo","root":{"__id__":1},"asset":{"__id__":0},"fileId":"15liFLhJNDp6S4tgHchBdk","_synced":{"default":false,"serializable":false}},"_lpos":{"__type__":"cc.Vec3","x":-35.43,"z":-90},"_lrot":{"__type__":"cc.Quat","x":5.760116038359271e-8,"y":0.7071067811865451,"z":-5.760116393630647e-8,"w":0.7071067811865452},"_lscale":{"__type__":"cc.Vec3","x":35.71184158325201,"y":35.7118492126465,"z":35.71185684204101},"_euler":{"__type__":"cc.Vec3","x":0.000009334667901998516,"y":90,"z":-2.8787095545542826e-13}},{"__type__":"cc.Node","_name":"rt","_parent":{"__id__":22},"_components":[{"__type__":"cc.ModelComponent","node":{"__id__":25},"_materials":[{"__uuid__":"3d5m6q/VlBlZgsozpzNrnf"}],"lightmapSettings":{"__type__":"cc.ModelLightmapSettings"},"_mesh":{"__uuid__":"c5S8+UGp5EWbcbuigIURNf@b0587"}}],"_prefab":{"__type__":"cc.PrefabInfo","root":{"__id__":1},"asset":{"__id__":0},"fileId":"8cs/kMv95OM6rR/efveLsF","_synced":{"default":false,"serializable":false}},"_lpos":{"__type__":"cc.Vec3","x":35.43,"z":-270},"_lrot":{"__type__":"cc.Quat","x":5.760116393630647e-8,"y":-0.7071067811865452,"z":5.760116038359273e-8,"w":0.7071067811865451},"_lscale":{"__type__":"cc.Vec3","x":35.71184158325201,"y":35.7118492126465,"z":35.71185684204101},"_euler":{"__type__":"cc.Vec3","x":0.000009334667901998518,"y":-90.00000000000003,"z":-2.8787095393882163e-13}},{"__type__":"cc.Node","_name":"lt","_parent":{"__id__":22},"_components":[{"__type__":"cc.ModelComponent","node":{"__id__":26},"_materials":[{"__uuid__":"3d5m6q/VlBlZgsozpzNrnf"}],"lightmapSettings":{"__type__":"cc.ModelLightmapSettings"},"_mesh":{"__uuid__":"c5S8+UGp5EWbcbuigIURNf@b0587"}}],"_prefab":{"__type__":"cc.PrefabInfo","root":{"__id__":1},"asset":{"__id__":0},"fileId":"45Ck2qrolG/p0QoNBc3ke6","_synced":{"default":false,"serializable":false}},"_lpos":{"__type__":"cc.Vec3","x":-35.43,"z":-270},"_lrot":{"__type__":"cc.Quat","x":5.760116038359271e-8,"y":0.7071067811865451,"z":-5.760116393630647e-8,"w":0.7071067811865452},"_lscale":{"__type__":"cc.Vec3","x":35.71184158325201,"y":35.7118492126465,"z":35.71185684204101},"_euler":{"__type__":"cc.Vec3","x":0.000009334667901998516,"y":90,"z":-2.8787095545542826e-13}}],{"__type__":"cc.Mesh","_native":".bin","_struct":{"primitives":[{"primitiveMode":7,"vertexBundelIndices":[0],"indexView":{"offset":4520,"length":696,"count":348,"stride":2}}],"vertexBundles":[{"view":{"offset":0,"length":4520,"count":226,"stride":20},"attributes":[{"name":"a_position","format":32,"isNormalized":false},{"name":"a_texCoord","format":21,"isNormalized":false}]}],"minPosition":{"__type__":"cc.Vec3","x":-10.02982234954834,"y":-35.58780288696289},"maxPosition":{"__type__":"cc.Vec3","x":10.02982234954834,"y":35.43307113647461,"z":6.407242298126221}},"_dataLength":5216,"_hash":2596821354},{"__type__":"cc.Mesh","_native":".bin","_struct":{"primitives":[{"primitiveMode":7,"vertexBundelIndices":[0],"indexView":{"offset":240,"length":36,"count":18,"stride":2}}],"vertexBundles":[{"view":{"offset":0,"length":240,"count":12,"stride":20},"attributes":[{"name":"a_position","format":32,"isNormalized":false},{"name":"a_texCoord","format":21,"isNormalized":false}]}],"minPosition":{"__type__":"cc.Vec3","x":-48.037933349609375,"y":-1.351381778717041,"z":-0.10738708078861237},"maxPosition":{"__type__":"cc.Vec3","x":48.037933349609375,"y":1.351381778717041,"z":3.6060314178466797}},"_dataLength":276,"_hash":1268412991},{"__type__":"cc.Mesh","_native":".bin","_struct":{"primitives":[{"primitiveMode":7,"vertexBundelIndices":[0],"indexView":{"offset":4520,"length":696,"count":348,"stride":2}}],"vertexBundles":[{"view":{"offset":0,"length":4520,"count":226,"stride":20},"attributes":[{"name":"a_position","format":32,"isNormalized":false},{"name":"a_texCoord","format":21,"isNormalized":false}]}],"minPosition":{"__type__":"cc.Vec3","x":-10.02982234954834,"y":-35.58780288696289},"maxPosition":{"__type__":"cc.Vec3","x":10.02982234954834,"y":35.43307113647461,"z":6.407242298126221}},"_dataLength":5216,"_hash":475110153},{"__type__":"cc.Mesh","_native":".bin","_struct":{"primitives":[{"primitiveMode":7,"vertexBundelIndices":[0],"indexView":{"offset":80,"length":12,"count":6,"stride":2}}],"vertexBundles":[{"view":{"offset":0,"length":80,"count":4,"stride":20},"attributes":[{"name":"a_position","format":32,"isNormalized":false},{"name":"a_texCoord","format":21,"isNormalized":false}]}],"minPosition":{"__type__":"cc.Vec3","x":-19.790477752685547,"y":-35.43307113647461},"maxPosition":{"__type__":"cc.Vec3","x":19.790477752685547,"y":35.43307113647461}},"_dataLength":92,"_hash":2460931511}]
