[[{"__type__":"cc.Prefab","data":{"__id__":1}},{"__type__":"cc.Node","_name":"zhishipan","_children":[{"__id__":2}],"_components":[{"__type__":"bc351P2bSVAarG7x7CzOlN0","node":{"__id__":1},"type":5},{"__type__":"cc.BoxColliderComponent","node":{"__id__":1},"_center":{"__type__":"cc.Vec3","y":15},"_size":{"__type__":"cc.Vec3","x":3,"y":35,"z":1}}],"_prefab":{"__type__":"cc.PrefabInfo","root":{"__id__":1},"asset":{"__id__":0},"fileId":"deJy3gHnFHJK2f5rC5m8Mj","_synced":{"default":false,"serializable":false}}},{"__type__":"cc.Node","_name":"SM_Prop_Sign_01","_parent":{"__id__":1},"_components":[{"__type__":"cc.ModelComponent","node":{"__id__":2},"_materials":[{"__uuid__":"3d5m6q/VlBlZgsozpzNrnf"}],"lightmapSettings":{"__type__":"cc.ModelLightmapSettings"},"_mesh":{"__uuid__":"e3yncTNMxJRZOPEnNgrtly@eead9"}}],"_prefab":{"__type__":"cc.PrefabInfo","root":{"__id__":1},"asset":{"__id__":0},"fileId":"bfBctCTu5IF5TN+3OkgRsH","_synced":{"default":false,"serializable":false}},"_lscale":{"__type__":"cc.Vec3","x":29.7550621032715,"y":29.755062103271495,"z":40.0000114440918},"_euler":{"__type__":"cc.Vec3","x":0.000009334667642611398}}],{"__type__":"cc.Mesh","_native":".bin","_struct":{"primitives":[{"primitiveMode":7,"vertexBundelIndices":[0],"indexView":{"offset":2440,"length":420,"count":210,"stride":2}}],"vertexBundles":[{"view":{"offset":0,"length":2440,"count":122,"stride":20},"attributes":[{"name":"a_position","format":32,"isNormalized":false},{"name":"a_texCoord","format":21,"isNormalized":false}]}],"minPosition":{"__type__":"cc.Vec3","x":-0.21151399612426758,"y":-1.907348590179936e-8,"z":-0.1042957752943039},"maxPosition":{"__type__":"cc.Vec3","x":0.2115141749382019,"y":1.3006237745285034,"z":0.1042957752943039}},"_dataLength":2860,"_hash":3399050518}]
