[{"__type__":"cc.Mesh","_native":".bin","_struct":{"primitives":[{"primitiveMode":7,"vertexBundelIndices":[0],"indexView":{"offset":1720,"length":240,"count":120,"stride":2}}],"vertexBundles":[{"view":{"offset":0,"length":1720,"count":86,"stride":20},"attributes":[{"name":"a_position","format":32,"isNormalized":false},{"name":"a_texCoord","format":21,"isNormalized":false}]}],"minPosition":{"__type__":"cc.Vec3","x":-0.13252782821655273,"y":-2.1591528565068074e-8,"z":-0.13252782821655273},"maxPosition":{"__type__":"cc.Vec3","x":0.13252782821655273,"y":0.24188552796840668,"z":0.13252782821655273}},"_dataLength":1960,"_hash":3600866060},[{"__type__":"cc.Prefab","data":{"__id__":1}},{"__type__":"cc.Node","_name":"luzhangshuai","_children":[{"__id__":2}],"_components":[{"__type__":"bc351P2bSVAarG7x7CzOlN0","_name":"luzhangshuai<Block>","node":{"__id__":1},"type":2},{"__type__":"cc.BoxColliderComponent","_name":"luzhangshuai<BoxColliderComponent>","node":{"__id__":1},"_center":{"__type__":"cc.Vec3","y":4.5},"_size":{"__type__":"cc.Vec3","x":5,"y":9,"z":5}}],"_prefab":{"__type__":"cc.PrefabInfo","root":{"__id__":1},"asset":{"__id__":0},"fileId":"40jdy3GsJGf46lY5MG3l1G","_synced":{"default":false,"serializable":false}}},{"__type__":"cc.Node","_name":"SM_Prop_Roadcone_01","_parent":{"__id__":1},"_components":[{"__type__":"cc.ModelComponent","node":{"__id__":2},"_materials":[{"__uuid__":"3d5m6q/VlBlZgsozpzNrnf"}],"lightmapSettings":{"__type__":"cc.ModelLightmapSettings"},"_mesh":{"__uuid__":"54H9NBovFBeLli3ND5k8V5@7c635"}}],"_prefab":{"__type__":"cc.PrefabInfo","root":{"__id__":1},"asset":{"__id__":0},"fileId":"672fZXrr1PvLZauua2O38L","_synced":{"default":false,"serializable":false}},"_lscale":{"__type__":"cc.Vec3","x":36,"y":36,"z":36}}]]
