[[{"__type__":"cc.Prefab","data":{"__id__":1}},{"__type__":"cc.Node","_name":"xiaoqiche1","_children":[{"__id__":2}],"_components":[{"__type__":"bc351P2bSVAarG7x7CzOlN0","node":{"__id__":1},"type":7},{"__type__":"cc.BoxColliderComponent","_name":"xiaoqiche<BoxColliderComponent>","node":{"__id__":1},"_center":{"__type__":"cc.Vec3","y":5,"z":2},"_size":{"__type__":"cc.Vec3","x":12,"y":14,"z":17.093}}],"_prefab":{"__type__":"cc.PrefabInfo","root":{"__id__":1},"asset":{"__id__":0},"fileId":"11CakMz79CxpS9hMgEifPb","_synced":{"default":false,"serializable":false}}},{"__type__":"cc.Node","_name":"SM_Veh_Car_Small_01","_parent":{"__id__":1},"_components":[{"__type__":"cc.ModelComponent","node":{"__id__":2},"_materials":[{"__uuid__":"3d5m6q/VlBlZgsozpzNrnf"}],"lightmapSettings":{"__type__":"cc.ModelLightmapSettings"},"_mesh":{"__uuid__":"b3yDislLJE7oqhELaAufL8@4858c"}}],"_prefab":{"__type__":"cc.PrefabInfo","root":{"__id__":1},"asset":{"__id__":0},"fileId":"47FlvMUQlDGLrA+A+ueKDU","_synced":{"default":false,"serializable":false}},"_lpos":{"__type__":"cc.Vec3","y":0.3},"_lscale":{"__type__":"cc.Vec3","x":20,"y":20.0000610351562,"z":19.9999389648438},"_euler":{"__type__":"cc.Vec3","x":0.000009334667642611398}}],{"__type__":"cc.Mesh","_native":".bin","_struct":{"primitives":[{"primitiveMode":7,"vertexBundelIndices":[0],"indexView":{"offset":8900,"length":1536,"count":768,"stride":2}}],"vertexBundles":[{"view":{"offset":0,"length":8900,"count":445,"stride":20},"attributes":[{"name":"a_position","format":32,"isNormalized":false},{"name":"a_texCoord","format":21,"isNormalized":false}]}],"minPosition":{"__type__":"cc.Vec3","x":-0.3320182263851166,"y":-0.007163094822317362,"z":-0.5733714699745178},"maxPosition":{"__type__":"cc.Vec3","x":0.332538902759552,"y":0.5255318880081177,"z":0.6908140182495117}},"_dataLength":10436,"_hash":3002677811}]
