[[{"__type__":"cc.Prefab","data":{"__id__":1}},{"__type__":"cc.Node","_name":"xiaoqiche","_children":[{"__id__":2}],"_components":[{"__type__":"bc351P2bSVAarG7x7CzOlN0","_name":"xiaoqiche<Block>","node":{"__id__":1},"type":7},{"__type__":"cc.BoxColliderComponent","_name":"xiaoqiche<BoxColliderComponent>","node":{"__id__":1},"_center":{"__type__":"cc.Vec3","y":7,"z":3},"_size":{"__type__":"cc.Vec3","x":14,"y":14,"z":27.01}}],"_prefab":{"__type__":"cc.PrefabInfo","root":{"__id__":1},"asset":{"__id__":0},"fileId":"34mPX2v7hMkruT0fhlpbqX","_synced":{"default":false,"serializable":false}}},{"__type__":"cc.Node","_name":"SM_Veh_Car_Muscle_01","_parent":{"__id__":1},"_components":[{"__type__":"cc.ModelComponent","node":{"__id__":2},"_materials":[{"__uuid__":"3d5m6q/VlBlZgsozpzNrnf"}],"lightmapSettings":{"__type__":"cc.ModelLightmapSettings"},"_mesh":{"__uuid__":"45aUafU6dFQKXEm86Pf/YW@c0be4"}}],"_prefab":{"__type__":"cc.PrefabInfo","root":{"__id__":1},"asset":{"__id__":0},"fileId":"4eeFmFPj1PMajpdY2bcBPp","_synced":{"default":false,"serializable":false}},"_lpos":{"__type__":"cc.Vec3","y":0.3},"_lscale":{"__type__":"cc.Vec3","x":19.9999980926514,"y":19.999999999999996,"z":20.000001907348597},"_euler":{"__type__":"cc.Vec3","x":0.0000025044780654876706}}],{"__type__":"cc.Mesh","_native":".bin","_struct":{"primitives":[{"primitiveMode":7,"vertexBundelIndices":[0],"indexView":{"offset":11660,"length":2052,"count":1026,"stride":2}}],"vertexBundles":[{"view":{"offset":0,"length":11660,"count":583,"stride":20},"attributes":[{"name":"a_position","format":32,"isNormalized":false},{"name":"a_texCoord","format":21,"isNormalized":false}]}],"minPosition":{"__type__":"cc.Vec3","x":-0.4227558672428131,"y":-0.007394351996481419,"z":-1.089970350265503},"maxPosition":{"__type__":"cc.Vec3","x":0.4227561354637146,"y":0.6659912467002869,"z":0.8848214745521545}},"_dataLength":13712,"_hash":4208475274}]
