[[{"__type__":"cc.Prefab","data":{"__id__":1}},{"__type__":"cc.Node","_name":"road_qiaodong","_children":[{"__id__":2},{"__id__":3},{"__id__":4},{"__id__":13},{"__id__":14},{"__id__":15},{"__id__":16}],"_components":[{"__type__":"92ec5dpDHNBm7eOo93MOjna","node":{"__id__":1},"coinsNode":{"__id__":13},"itemsNode":{"__id__":14},"blocksNode":{"__id__":15},"headNode":{"__id__":16}}],"_prefab":{"__type__":"cc.PrefabInfo","root":{"__id__":1},"asset":{"__id__":0},"fileId":"c1gambebdAlpiU2Lr7rPqD","_synced":{"default":false,"serializable":false}}},{"__type__":"cc.Node","_name":"road2","_parent":{"__id__":1},"_components":[{"__type__":"cc.ModelComponent","node":{"__id__":2},"_materials":[{"__uuid__":"3d5m6q/VlBlZgsozpzNrnf"}],"lightmapSettings":{"__type__":"cc.ModelLightmapSettings"},"_mesh":{"__uuid__":"c6aE5nurFAZoO07LH5qF4e@d0fdf"}}],"_prefab":{"__type__":"cc.PrefabInfo","root":{"__id__":1},"asset":{"__id__":0},"fileId":"f4eEQyoDhCpbmEAYiYKptQ","_synced":{"default":false,"serializable":false}},"_lpos":{"__type__":"cc.Vec3","y":-2.59081184071196e-14,"z":-270},"_lrot":{"__type__":"cc.Quat","x":-0.7071067811865476,"w":0.7071067811865475},"_lscale":{"__type__":"cc.Vec3","x":50.799999237060604,"y":50.79999923706061,"z":50.79999923706061},"_euler":{"__type__":"cc.Vec3","x":-90.00000000000003}},{"__type__":"cc.Node","_name":"raod1","_parent":{"__id__":1},"_components":[{"__type__":"cc.ModelComponent","node":{"__id__":3},"_materials":[{"__uuid__":"3d5m6q/VlBlZgsozpzNrnf"}],"lightmapSettings":{"__type__":"cc.ModelLightmapSettings"},"_mesh":{"__uuid__":"c6aE5nurFAZoO07LH5qF4e@d0fdf"}}],"_prefab":{"__type__":"cc.PrefabInfo","root":{"__id__":1},"asset":{"__id__":0},"fileId":"54PRAEyVpPf76WuEMPrfh7","_synced":{"default":false,"serializable":false}},"_lpos":{"__type__":"cc.Vec3","y":-2.59081184071196e-14,"z":-90},"_lrot":{"__type__":"cc.Quat","x":-0.7071067811865476,"w":0.7071067811865475},"_lscale":{"__type__":"cc.Vec3","x":50.799999237060604,"y":50.79999923706061,"z":50.79999923706061},"_euler":{"__type__":"cc.Vec3","x":-90.00000000000003}},{"__type__":"cc.Node","_name":"envNode","_parent":{"__id__":1},"_children":[{"__id__":5},{"__id__":6},{"__id__":7},{"__id__":8},{"__id__":9},{"__id__":10},{"__id__":11},{"__id__":12}],"_prefab":{"__type__":"cc.PrefabInfo","root":{"__id__":1},"asset":{"__id__":0},"fileId":"4aJeLxGQdKt6/e9HkHbABp","_synced":{"default":false,"serializable":false}}},{"__type__":"cc.Node","_name":"lt","_parent":{"__id__":4},"_components":[{"__type__":"cc.ModelComponent","node":{"__id__":5},"_materials":[{"__uuid__":"3d5m6q/VlBlZgsozpzNrnf"}],"lightmapSettings":{"__type__":"cc.ModelLightmapSettings"},"_mesh":{"__uuid__":"e7M2Nn4ztLlYtNMMsrJ1re@46540"}}],"_prefab":{"__type__":"cc.PrefabInfo","root":{"__id__":1},"asset":{"__id__":0},"fileId":"c0R7J8luxF2KHAWL7pSIWj","_synced":{"default":false,"serializable":false}},"_lpos":{"__type__":"cc.Vec3","x":-60,"z":-270},"_lrot":{"__type__":"cc.Quat","x":-4.3297802811774664e-17,"y":0.7071067811865476,"z":0.7071067811865475,"w":4.329780281177467e-17},"_lscale":{"__type__":"cc.Vec3","x":50.799999237060604,"y":50.799999237060604,"z":50.799999237060604},"_euler":{"__type__":"cc.Vec3","x":-89.99999999999999,"y":180}},{"__type__":"cc.Node","_name":"lb","_parent":{"__id__":4},"_components":[{"__type__":"cc.ModelComponent","node":{"__id__":6},"_materials":[{"__uuid__":"3d5m6q/VlBlZgsozpzNrnf"}],"lightmapSettings":{"__type__":"cc.ModelLightmapSettings"},"_mesh":{"__uuid__":"e7M2Nn4ztLlYtNMMsrJ1re@46540"}}],"_prefab":{"__type__":"cc.PrefabInfo","root":{"__id__":1},"asset":{"__id__":0},"fileId":"caI08bmNJEXaWGIVM9CMhc","_synced":{"default":false,"serializable":false}},"_lpos":{"__type__":"cc.Vec3","x":-60,"z":-90},"_lrot":{"__type__":"cc.Quat","x":-4.3297802811774664e-17,"y":0.7071067811865476,"z":0.7071067811865475,"w":4.329780281177467e-17},"_lscale":{"__type__":"cc.Vec3","x":50.799999237060604,"y":50.799999237060604,"z":50.799999237060604},"_euler":{"__type__":"cc.Vec3","x":-89.99999999999999,"y":180}},{"__type__":"cc.Node","_name":"rt","_parent":{"__id__":4},"_components":[{"__type__":"cc.ModelComponent","node":{"__id__":7},"_materials":[{"__uuid__":"3d5m6q/VlBlZgsozpzNrnf"}],"lightmapSettings":{"__type__":"cc.ModelLightmapSettings"},"_mesh":{"__uuid__":"e7M2Nn4ztLlYtNMMsrJ1re@46540"}}],"_prefab":{"__type__":"cc.PrefabInfo","root":{"__id__":1},"asset":{"__id__":0},"fileId":"9fZW5eYcNMbr3fFiufK98m","_synced":{"default":false,"serializable":false}},"_lpos":{"__type__":"cc.Vec3","x":60,"z":-270},"_lrot":{"__type__":"cc.Quat","x":-0.7071067811865475,"w":0.7071067811865476},"_lscale":{"__type__":"cc.Vec3","x":50.799999,"y":50.799999237060604,"z":50.799999237060604},"_euler":{"__type__":"cc.Vec3","x":-89.99999999999999}},{"__type__":"cc.Node","_name":"rb","_parent":{"__id__":4},"_components":[{"__type__":"cc.ModelComponent","node":{"__id__":8},"_materials":[{"__uuid__":"3d5m6q/VlBlZgsozpzNrnf"}],"lightmapSettings":{"__type__":"cc.ModelLightmapSettings"},"_mesh":{"__uuid__":"e7M2Nn4ztLlYtNMMsrJ1re@46540"}}],"_prefab":{"__type__":"cc.PrefabInfo","root":{"__id__":1},"asset":{"__id__":0},"fileId":"6eAFPpLmlOuopLcF/ediTS","_synced":{"default":false,"serializable":false}},"_lpos":{"__type__":"cc.Vec3","x":60,"z":-90},"_lrot":{"__type__":"cc.Quat","x":-0.7071067811865475,"w":0.7071067811865476},"_lscale":{"__type__":"cc.Vec3","x":50.799999237060604,"y":50.799999237060604,"z":50.799999237060604},"_euler":{"__type__":"cc.Vec3","x":-89.99999999999999}},{"__type__":"cc.Node","_name":"lt-001","_parent":{"__id__":4},"_components":[{"__type__":"cc.ModelComponent","node":{"__id__":9},"_materials":[{"__uuid__":"3d5m6q/VlBlZgsozpzNrnf"}],"lightmapSettings":{"__type__":"cc.ModelLightmapSettings"},"_mesh":{"__uuid__":"e7M2Nn4ztLlYtNMMsrJ1re@46540"}}],"_prefab":{"__type__":"cc.PrefabInfo","root":{"__id__":1},"asset":{"__id__":0},"fileId":"05UW3B3NJMda1uChhdt2Uc","_synced":{"default":false,"serializable":false}},"_lpos":{"__type__":"cc.Vec3","x":-120,"z":-270},"_lrot":{"__type__":"cc.Quat","x":-4.3297802811774664e-17,"y":0.7071067811865476,"z":0.7071067811865475,"w":4.329780281177467e-17},"_lscale":{"__type__":"cc.Vec3","x":50.799999237060604,"y":50.799999237060604,"z":50.799999237060604},"_euler":{"__type__":"cc.Vec3","x":-89.99999999999999,"y":180}},{"__type__":"cc.Node","_name":"lb-001","_parent":{"__id__":4},"_components":[{"__type__":"cc.ModelComponent","node":{"__id__":10},"_materials":[{"__uuid__":"3d5m6q/VlBlZgsozpzNrnf"}],"lightmapSettings":{"__type__":"cc.ModelLightmapSettings"},"_mesh":{"__uuid__":"e7M2Nn4ztLlYtNMMsrJ1re@46540"}}],"_prefab":{"__type__":"cc.PrefabInfo","root":{"__id__":1},"asset":{"__id__":0},"fileId":"64oeH7peJD7pUy2eTjlW8W","_synced":{"default":false,"serializable":false}},"_lpos":{"__type__":"cc.Vec3","x":-120,"z":-90},"_lrot":{"__type__":"cc.Quat","x":-4.3297802811774664e-17,"y":0.7071067811865476,"z":0.7071067811865475,"w":4.329780281177467e-17},"_lscale":{"__type__":"cc.Vec3","x":50.799999237060604,"y":50.799999237060604,"z":50.799999237060604},"_euler":{"__type__":"cc.Vec3","x":-89.99999999999999,"y":180}},{"__type__":"cc.Node","_name":"rt-001","_parent":{"__id__":4},"_components":[{"__type__":"cc.ModelComponent","node":{"__id__":11},"_materials":[{"__uuid__":"3d5m6q/VlBlZgsozpzNrnf"}],"lightmapSettings":{"__type__":"cc.ModelLightmapSettings"},"_mesh":{"__uuid__":"e7M2Nn4ztLlYtNMMsrJ1re@46540"}}],"_prefab":{"__type__":"cc.PrefabInfo","root":{"__id__":1},"asset":{"__id__":0},"fileId":"12BZdLOmROgq96dq/BY18k","_synced":{"default":false,"serializable":false}},"_lpos":{"__type__":"cc.Vec3","x":120,"z":-270},"_lrot":{"__type__":"cc.Quat","x":-0.7071067811865475,"w":0.7071067811865476},"_lscale":{"__type__":"cc.Vec3","x":50.799999,"y":50.799999237060604,"z":50.799999237060604},"_euler":{"__type__":"cc.Vec3","x":-89.99999999999999}},{"__type__":"cc.Node","_name":"rb-001","_parent":{"__id__":4},"_components":[{"__type__":"cc.ModelComponent","node":{"__id__":12},"_materials":[{"__uuid__":"3d5m6q/VlBlZgsozpzNrnf"}],"lightmapSettings":{"__type__":"cc.ModelLightmapSettings"},"_mesh":{"__uuid__":"e7M2Nn4ztLlYtNMMsrJ1re@46540"}}],"_prefab":{"__type__":"cc.PrefabInfo","root":{"__id__":1},"asset":{"__id__":0},"fileId":"35IfP/BMNNt6MPypkjoZef","_synced":{"default":false,"serializable":false}},"_lpos":{"__type__":"cc.Vec3","x":120,"z":-90},"_lrot":{"__type__":"cc.Quat","x":-0.7071067811865475,"w":0.7071067811865476},"_lscale":{"__type__":"cc.Vec3","x":50.799999237060604,"y":50.799999237060604,"z":50.799999237060604},"_euler":{"__type__":"cc.Vec3","x":-89.99999999999999}},{"__type__":"cc.Node","_name":"coinsNode","_parent":{"__id__":1},"_prefab":{"__type__":"cc.PrefabInfo","root":{"__id__":1},"asset":{"__id__":0},"fileId":"60c9tHAlZBcZ+XzOW1HfJg","_synced":{"default":false,"serializable":false}}},{"__type__":"cc.Node","_name":"itemsNode","_parent":{"__id__":1},"_prefab":{"__type__":"cc.PrefabInfo","root":{"__id__":1},"asset":{"__id__":0},"fileId":"12xJ0tGZFPaqFgdsegW8tm","_synced":{"default":false,"serializable":false}}},{"__type__":"cc.Node","_name":"blocksNode","_parent":{"__id__":1},"_prefab":{"__type__":"cc.PrefabInfo","root":{"__id__":1},"asset":{"__id__":0},"fileId":"77wnYeJZFO2LDMqNRNwx9y","_synced":{"default":false,"serializable":false}}},{"__type__":"cc.Node","_name":"friendboard","_parent":{"__id__":1},"_children":[{"__id__":17},{"__id__":18},{"__id__":20},{"__id__":21}],"_components":[{"__type__":"c5e1e9NV4dM8oCGdxY/HJ7U","_name":"friendboard<PlayerHeadBoard>","node":{"__id__":16},"model":{"__id__":19}},{"__type__":"bc351P2bSVAarG7x7CzOlN0","node":{"__id__":16},"type":16},{"__type__":"cc.BoxColliderComponent","node":{"__id__":16},"_size":{"__type__":"cc.Vec3","x":60,"y":100,"z":30}}],"_prefab":{"__type__":"cc.PrefabInfo","root":{"__id__":1},"asset":{"__id__":0},"fileId":"31/xt7orFHKb951VP3s1Vo","_synced":{"default":false,"serializable":false}},"_lpos":{"__type__":"cc.Vec3","z":-50.016}},{"__type__":"cc.Node","_name":"SM_Prop_Billboard_Base_003","_parent":{"__id__":16},"_components":[{"__type__":"cc.ModelComponent","node":{"__id__":17},"_materials":[{"__uuid__":"3d5m6q/VlBlZgsozpzNrnf"}],"lightmapSettings":{"__type__":"cc.ModelLightmapSettings"},"_mesh":{"__uuid__":"b37xp/Xh9Mh43bN1TtsH8K@cd3dc"}}],"_prefab":{"__type__":"cc.PrefabInfo","root":{"__id__":1},"asset":{"__id__":0},"fileId":"205y35lQZH+4jo5MUSGCXL","_synced":{"default":false,"serializable":false}},"_lpos":{"__type__":"cc.Vec3","x":-0.182728111743927,"y":-4.18220806121826,"z":-0.20312078297138214},"_lscale":{"__type__":"cc.Vec3","x":-150.947769165039,"y":163.10984802246108,"z":81.33950805664062},"_euler":{"__type__":"cc.Vec3","x":0.00001798608903743941}},{"__type__":"cc.Node","_name":"touxiang","_parent":{"__id__":16},"_components":[{"__id__":19}],"_prefab":{"__type__":"cc.PrefabInfo","root":{"__id__":1},"asset":{"__id__":0},"fileId":"2eG0z3F2RNrKPZPH659MQ5","_synced":{"default":false,"serializable":false}},"_lpos":{"__type__":"cc.Vec3","x":-18.3061027526855,"y":60.8818092346191,"z":-0.4963754117488861},"_lscale":{"__type__":"cc.Vec3","x":-150.947769165039,"y":163.10984802246108,"z":81.33950805664062},"_euler":{"__type__":"cc.Vec3","x":0.00001798608903743941}},{"__type__":"cc.ModelComponent","node":{"__id__":18},"_materials":[{"__uuid__":"8fcoxoqy5D6IGeRuF8p1XT"}],"lightmapSettings":{"__type__":"cc.ModelLightmapSettings"},"_mesh":{"__uuid__":"b37xp/Xh9Mh43bN1TtsH8K@317c3"}},{"__type__":"cc.Node","_name":"guanggao","_parent":{"__id__":16},"_components":[{"__type__":"cc.ModelComponent","node":{"__id__":20},"_materials":[{"__uuid__":"f2vr2/NlRMJIpivmqLOdqD"}],"lightmapSettings":{"__type__":"cc.ModelLightmapSettings"},"_mesh":{"__uuid__":"b37xp/Xh9Mh43bN1TtsH8K@92f2a"}}],"_prefab":{"__type__":"cc.PrefabInfo","root":{"__id__":1},"asset":{"__id__":0},"fileId":"64PtzVKgRCA5A/+Ba5Rks6","_synced":{"default":false,"serializable":false}},"_lpos":{"__type__":"cc.Vec3","x":14.0444831848145,"y":60.8818092346191,"z":-0.4963754117488861},"_lscale":{"__type__":"cc.Vec3","x":-150.947769165039,"y":163.10984802246108,"z":81.33950805664062},"_euler":{"__type__":"cc.Vec3","x":0.00001798608903743941}},{"__type__":"cc.Node","_name":"guanggao-gan","_parent":{"__id__":16},"_active":false,"_components":[{"__type__":"cc.ModelComponent","node":{"__id__":21},"_materials":[{"__uuid__":"3d5m6q/VlBlZgsozpzNrnf"}],"lightmapSettings":{"__type__":"cc.ModelLightmapSettings"},"_mesh":{"__uuid__":"b37xp/Xh9Mh43bN1TtsH8K@66441"}}],"_prefab":{"__type__":"cc.PrefabInfo","root":{"__id__":1},"asset":{"__id__":0},"fileId":"6af4wufC1PlZzsjAvFb8cC","_synced":{"default":false,"serializable":false}},"_lpos":{"__type__":"cc.Vec3","x":-0.182728111743927,"y":-4.18220806121826,"z":-0.20312078297138214},"_lscale":{"__type__":"cc.Vec3","x":-150.947769165039,"y":163.10984802246108,"z":81.33950805664062},"_euler":{"__type__":"cc.Vec3","x":0.00001798608903743941}}],{"__type__":"cc.Material","_effectAsset":{"__uuid__":"eeEKUQ8ClHtq7YNU0oNyGN"},"_defines":[{}],"_states":[{"blendState":{"targets":[{}]},"depthStencilState":{},"rasterizerState":{}}],"_props":[{"allOffset":{"__type__":"cc.Vec4","x":-2,"y":-4},"dist":180}]},{"__type__":"cc.Mesh","_native":".bin","_struct":{"primitives":[{"primitiveMode":7,"vertexBundelIndices":[0],"indexView":{"offset":120,"length":12,"count":6,"stride":2}}],"vertexBundles":[{"view":{"offset":0,"length":120,"count":6,"stride":20},"attributes":[{"name":"a_position","format":32,"isNormalized":false},{"name":"a_texCoord","format":21,"isNormalized":false}]}],"minPosition":{"__type__":"cc.Vec3","x":-0.12028982490301132,"y":-0.09358615428209305,"z":-1.192092824453539e-8},"maxPosition":{"__type__":"cc.Vec3","x":0.12028983980417252,"y":0.09358615428209305,"z":1.192092824453539e-8}},"_dataLength":132,"_hash":3173420264},{"__type__":"cc.Mesh","_native":".bin","_struct":{"primitives":[{"primitiveMode":7,"vertexBundelIndices":[0],"indexView":{"offset":80,"length":12,"count":6,"stride":2}}],"vertexBundles":[{"view":{"offset":0,"length":80,"count":4,"stride":20},"attributes":[{"name":"a_position","format":32,"isNormalized":false},{"name":"a_texCoord","format":21,"isNormalized":false}]}],"minPosition":{"__type__":"cc.Vec3","x":-0.094026580452919,"y":-0.09358615428209305,"z":-1.192092824453539e-8},"maxPosition":{"__type__":"cc.Vec3","x":0.094026580452919,"y":0.09358615428209305,"z":1.192092824453539e-8}},"_dataLength":92,"_hash":2772779351},{"__type__":"cc.Mesh","_native":".bin","_struct":{"primitives":[{"primitiveMode":7,"vertexBundelIndices":[0],"indexView":{"offset":320,"length":48,"count":24,"stride":2}}],"vertexBundles":[{"view":{"offset":0,"length":320,"count":16,"stride":20},"attributes":[{"name":"a_position","format":32,"isNormalized":false},{"name":"a_texCoord","format":21,"isNormalized":false}]}],"minPosition":{"__type__":"cc.Vec3","x":-0.23136790096759796,"y":-0.004275836981832981,"z":-0.035953085869550705},"maxPosition":{"__type__":"cc.Vec3","x":0.23136790096759796,"y":0.29331687092781067,"z":-0.01408366672694683}},"_dataLength":368,"_hash":2839967222},{"__type__":"cc.Mesh","_native":".bin","_struct":{"primitives":[{"primitiveMode":7,"vertexBundelIndices":[0],"indexView":{"offset":3020,"length":450,"count":225,"stride":2}}],"vertexBundles":[{"view":{"offset":0,"length":3020,"count":151,"stride":20},"attributes":[{"name":"a_position","format":32,"isNormalized":false},{"name":"a_texCoord","format":21,"isNormalized":false}]}],"minPosition":{"__type__":"cc.Vec3","x":-0.23136790096759796,"y":0.29330775141716003,"z":-0.04773881658911705},"maxPosition":{"__type__":"cc.Vec3","x":0.23136790096759796,"y":0.5145410299301147,"z":0.047738492488861084}},"_dataLength":3470,"_hash":2495857034},{"__type__":"cc.Material","_effectAsset":{"__uuid__":"eeEKUQ8ClHtq7YNU0oNyGN"},"_defines":[{}],"_states":[{"blendState":{"targets":[{}]},"depthStencilState":{},"rasterizerState":{}}],"_props":[{"allOffset":{"__type__":"cc.Vec4","x":-2,"y":-4},"dist":180,"mainTexture":{"__uuid__":"b5Ss/MkxpFRJHhsdyNhJls@6c48a"}}]}]
