[{"__type__":"cc.SpriteFrame","content":{"name":"bestscore","rect":{"x":0,"y":0,"width":360,"height":640},"offset":{"x":0,"y":0},"originalSize":{"width":360,"height":640},"rotated":false,"capInsets":[0,0,0,0],"texture":"8caf966atKC485R/pYOsPG@6c48a"}},[{"__type__":"cc.Prefab","data":{"__id__":1}},{"__type__":"cc.Node","_name":"BestScorePage","_children":[{"__id__":2},{"__id__":3},{"__id__":4},{"__id__":5},{"__id__":7},{"__id__":8},{"__id__":10},{"__id__":11},{"__id__":12},{"__id__":13},{"__id__":14},{"__id__":15},{"__id__":16},{"__id__":17},{"__id__":18},{"__id__":21},{"__id__":23},{"__id__":24},{"__id__":25}],"_components":[{"__type__":"cc.UITransformComponent","_name":"HomePage<UITransformComponent>","node":{"__id__":1},"_priority":10,"_contentSize":{"__type__":"cc.Size","width":750,"height":1334}},{"__type__":"cc.WidgetComponent","_name":"HomePage<WidgetComponent>","node":{"__id__":1},"_alignFlags":45,"_originalWidth":100,"_originalHeight":100},{"__type__":"9a1dbRwPfVEYJEGzr+2jaZp","_name":"BestScorePage<BestScorePage>","node":{"__id__":1},"iconSp":{"__id__":6},"scoreLabel":{"__id__":26},"nameLabel":{"__id__":9},"list":{"__id__":20},"btnNode":{"__id__":21}},{"__type__":"cc.AnimationComponent","_name":"BestScorePage<AnimationComponent>","node":{"__id__":1},"playOnLoad":true,"_clips":[{"__uuid__":"abn7zbnfVMILpy3Ebxs/L3"}],"_defaultClip":{"__uuid__":"abn7zbnfVMILpy3Ebxs/L3"}}],"_prefab":{"__type__":"cc.PrefabInfo","root":{"__id__":1},"asset":{"__id__":0},"fileId":"3dAlXTl2hCFrPDZsiuBjPf","_synced":{"default":false,"serializable":false}}},{"__type__":"cc.Node","_name":"bg","_parent":{"__id__":1},"_components":[{"__type__":"cc.UITransformComponent","_name":"bg<UITransformComponent>","node":{"__id__":2},"_contentSize":{"__type__":"cc.Size","width":750,"height":1334}},{"__type__":"cc.SpriteComponent","_name":"bg<SpriteComponent>","node":{"__id__":2},"_spriteFrame":{"__uuid__":"8caf966atKC485R/pYOsPG@f9941"},"_sizeMode":0},{"__type__":"cc.WidgetComponent","_name":"bg<WidgetComponent>","node":{"__id__":2},"_alignFlags":45,"_originalWidth":750,"_originalHeight":1334},{"__type__":"cc.BlockInputEventsComponent","_name":"bg<BlockInputEventsComponent>","node":{"__id__":2}}],"_prefab":{"__type__":"cc.PrefabInfo","root":{"__id__":1},"asset":{"__id__":0},"fileId":"ffaX8CTd5AgIAdj2IYlcvf","_synced":{"default":false,"serializable":false}},"_layer":33554432},{"__type__":"cc.Node","_name":"ti","_parent":{"__id__":1},"_components":[{"__type__":"cc.UITransformComponent","node":{"__id__":3},"_contentSize":{"__type__":"cc.Size","width":675,"height":133}},{"__type__":"cc.SpriteComponent","node":{"__id__":3},"_spriteFrame":{"__uuid__":"0e5tuoAUJJG4krXVVNw5tz@f9941"}}],"_prefab":{"__type__":"cc.PrefabInfo","root":{"__id__":1},"asset":{"__id__":0},"fileId":"a5cKOQmXZITbawXKhoP85T","_synced":{"default":false,"serializable":false}},"_lpos":{"__type__":"cc.Vec3","y":519.362}},{"__type__":"cc.Node","_name":"hb","_parent":{"__id__":1},"_components":[{"__type__":"cc.UITransformComponent","_name":"bg<UITransformComponent>","node":{"__id__":4},"_contentSize":{"__type__":"cc.Size","width":196,"height":196}},{"__type__":"cc.SpriteComponent","_name":"bg<SpriteComponent>","node":{"__id__":4},"_spriteFrame":{"__uuid__":"2f76ObQtlOUoBH4j9sxRrr@f9941"},"_sizeMode":2}],"_prefab":{"__type__":"cc.PrefabInfo","root":{"__id__":1},"asset":{"__id__":0},"fileId":"39ao3BChdBU7/O/OApaEz0","_synced":{"default":false,"serializable":false}},"_lpos":{"__type__":"cc.Vec3","x":-1.0079999999999814,"y":356.77099999999996,"z":1},"_layer":33554432},{"__type__":"cc.Node","_name":"hp","_parent":{"__id__":1},"_components":[{"__type__":"cc.UITransformComponent","_name":"headphoto<UITransformComponent>","node":{"__id__":5},"_contentSize":{"__type__":"cc.Size","width":160,"height":160}},{"__id__":6}],"_prefab":{"__type__":"cc.PrefabInfo","root":{"__id__":1},"asset":{"__id__":0},"fileId":"a4mUZC8GRIQZeTh7EjVI8f","_synced":{"default":false,"serializable":false}},"_lpos":{"__type__":"cc.Vec3","x":-1.086999999999989,"y":356.77099999999996,"z":1},"_layer":33554432},{"__type__":"cc.SpriteComponent","_name":"headphoto<SpriteComponent>","node":{"__id__":5},"_sizeMode":0},{"__type__":"cc.Node","_name":"nb","_parent":{"__id__":1},"_components":[{"__type__":"cc.UITransformComponent","_name":"bg<UITransformComponent>","node":{"__id__":7},"_contentSize":{"__type__":"cc.Size","width":314,"height":66}},{"__type__":"cc.SpriteComponent","_name":"bg<SpriteComponent>","node":{"__id__":7},"_spriteFrame":{"__uuid__":"38nZ0VdflCEZoWsH9B9TpT@f9941"},"_sizeMode":2},{"__type__":"cc.BlockInputEventsComponent","_name":"bg<BlockInputEventsComponent>","node":{"__id__":7}}],"_prefab":{"__type__":"cc.PrefabInfo","root":{"__id__":1},"asset":{"__id__":0},"fileId":"2drBXClQNFy7qDeX0zjkCT","_synced":{"default":false,"serializable":false}},"_lpos":{"__type__":"cc.Vec3","y":247.32499999999993,"z":1},"_layer":33554432},{"__type__":"cc.Node","_name":"name","_parent":{"__id__":1},"_components":[{"__type__":"cc.UITransformComponent","_name":"name<UITransformComponent>","node":{"__id__":8},"_contentSize":{"__type__":"cc.Size","width":200,"height":50.4}},{"__id__":9},{"__type__":"cc.LabelOutlineComponent","_name":"name<LabelOutlineComponent>","node":{"__id__":8},"_color":{"__type__":"cc.Color","r":255,"g":246,"b":182},"_width":3}],"_prefab":{"__type__":"cc.PrefabInfo","root":{"__id__":1},"asset":{"__id__":0},"fileId":"f6Ec8bB0VDXpwOtMBEBZ0q","_synced":{"default":false,"serializable":false}},"_lpos":{"__type__":"cc.Vec3","y":247.32499999999993,"z":1},"_layer":33554432},{"__type__":"cc.LabelComponent","_name":"name<LabelComponent>","node":{"__id__":8},"_color":{"__type__":"cc.Color","r":143,"g":78,"b":94},"_string":"Laughing","_actualFontSize":35,"_fontSize":35,"_overflow":2,"_isBold":true},{"__type__":"cc.Node","_name":"xx","_parent":{"__id__":1},"_components":[{"__type__":"cc.UITransformComponent","node":{"__id__":10},"_contentSize":{"__type__":"cc.Size","width":56,"height":56}},{"__type__":"cc.SpriteComponent","node":{"__id__":10},"_spriteFrame":{"__uuid__":"144NJpf4JCBo3YDNfibZy0@f9941"}}],"_prefab":{"__type__":"cc.PrefabInfo","root":{"__id__":1},"asset":{"__id__":0},"fileId":"aaGaLnlWpOOq75T/8fpRTp","_synced":{"default":false,"serializable":false}},"_lpos":{"__type__":"cc.Vec3","x":-121.53,"y":295.877}},{"__type__":"cc.Node","_name":"xx1","_parent":{"__id__":1},"_components":[{"__type__":"cc.UITransformComponent","node":{"__id__":11},"_contentSize":{"__type__":"cc.Size","width":56,"height":56}},{"__type__":"cc.SpriteComponent","node":{"__id__":11},"_spriteFrame":{"__uuid__":"144NJpf4JCBo3YDNfibZy0@f9941"}}],"_prefab":{"__type__":"cc.PrefabInfo","root":{"__id__":1},"asset":{"__id__":0},"fileId":"eeSspgurJK45tydKrTPF0g","_synced":{"default":false,"serializable":false}},"_lpos":{"__type__":"cc.Vec3","x":94.091,"y":451.885}},{"__type__":"cc.Node","_name":"xx2","_parent":{"__id__":1},"_components":[{"__type__":"cc.UITransformComponent","node":{"__id__":12},"_contentSize":{"__type__":"cc.Size","width":56,"height":56}},{"__type__":"cc.SpriteComponent","node":{"__id__":12},"_spriteFrame":{"__uuid__":"144NJpf4JCBo3YDNfibZy0@f9941"}}],"_prefab":{"__type__":"cc.PrefabInfo","root":{"__id__":1},"asset":{"__id__":0},"fileId":"3dWqlt3QdEH6gSI0mrYvzK","_synced":{"default":false,"serializable":false}},"_lpos":{"__type__":"cc.Vec3","x":121.978,"y":221.667}},{"__type__":"cc.Node","_name":"d","_parent":{"__id__":1},"_components":[{"__type__":"cc.UITransformComponent","node":{"__id__":13},"_contentSize":{"__type__":"cc.Size","width":22,"height":22}},{"__type__":"cc.SpriteComponent","node":{"__id__":13},"_spriteFrame":{"__uuid__":"8ahV1G0DxIX55HiU3aYRTG@f9941"}}],"_prefab":{"__type__":"cc.PrefabInfo","root":{"__id__":1},"asset":{"__id__":0},"fileId":"162zq2GcRAK4CAlJeOR1EX","_synced":{"default":false,"serializable":false}},"_lpos":{"__type__":"cc.Vec3","x":-108.021,"y":395.282}},{"__type__":"cc.Node","_name":"d1","_parent":{"__id__":1},"_components":[{"__type__":"cc.UITransformComponent","node":{"__id__":14},"_contentSize":{"__type__":"cc.Size","width":22,"height":22}},{"__type__":"cc.SpriteComponent","node":{"__id__":14},"_spriteFrame":{"__uuid__":"8ahV1G0DxIX55HiU3aYRTG@f9941"}}],"_prefab":{"__type__":"cc.PrefabInfo","root":{"__id__":1},"asset":{"__id__":0},"fileId":"0bPoD2InhIQoKHAYvYnGmW","_synced":{"default":false,"serializable":false}},"_lpos":{"__type__":"cc.Vec3","x":123.828,"y":325.197}},{"__type__":"cc.Node","_name":"rk","_parent":{"__id__":1},"_components":[{"__type__":"cc.UITransformComponent","node":{"__id__":15},"_contentSize":{"__type__":"cc.Size","width":225.33,"height":50.4}},{"__type__":"cc.LabelComponent","node":{"__id__":15},"_string":"RANKING","_actualFontSize":47,"_fontSize":47,"_isBold":true},{"__type__":"cc.LabelOutlineComponent","node":{"__id__":15},"_color":{"__type__":"cc.Color"},"_width":3}],"_prefab":{"__type__":"cc.PrefabInfo","root":{"__id__":1},"asset":{"__id__":0},"fileId":"20qm1I3YBKaLC32p192fnB","_synced":{"default":false,"serializable":false}},"_lpos":{"__type__":"cc.Vec3","y":36.452999999999975,"z":1},"_layer":33554432},{"__type__":"cc.Node","_name":"ltb","_parent":{"__id__":1},"_components":[{"__type__":"cc.UITransformComponent","_name":"bg<UITransformComponent>","node":{"__id__":16},"_contentSize":{"__type__":"cc.Size","width":750,"height":158}},{"__type__":"cc.SpriteComponent","_name":"bg<SpriteComponent>","node":{"__id__":16},"_spriteFrame":{"__uuid__":"50BzhcMgpFl6V8Aacc7wuh@f9941"},"_sizeMode":0},{"__type__":"cc.BlockInputEventsComponent","_name":"bg<BlockInputEventsComponent>","node":{"__id__":16}}],"_prefab":{"__type__":"cc.PrefabInfo","root":{"__id__":1},"asset":{"__id__":0},"fileId":"ff64CYTmVNQLXxvSmKTMfI","_synced":{"default":false,"serializable":false}},"_lpos":{"__type__":"cc.Vec3","y":9.978,"z":1},"_layer":33554432},{"__type__":"cc.Node","_name":"lbg","_parent":{"__id__":1},"_components":[{"__type__":"cc.UITransformComponent","_name":"rankGroup<UITransformComponent>","node":{"__id__":17},"_contentSize":{"__type__":"cc.Size","width":750,"height":392.19200000000006},"_anchorPoint":{"__type__":"cc.Vec2","x":0.5,"y":1}},{"__type__":"cc.SpriteComponent","_name":"rankGroup<SpriteComponent>","node":{"__id__":17},"_color":{"__type__":"cc.Color","r":49,"g":68,"b":92},"_spriteFrame":{"__uuid__":"edNTALYtpFZ552S9f8dXoY@f9941"},"_sizeMode":0}],"_prefab":{"__type__":"cc.PrefabInfo","root":{"__id__":1},"asset":{"__id__":0},"fileId":"eeusoIwW1JyLKFI8OO6fa9","_synced":{"default":false,"serializable":false}},"_lpos":{"__type__":"cc.Vec3","y":0.40200000000004366},"_layer":33554432},{"__type__":"cc.Node","_name":"lv","_parent":{"__id__":1},"_children":[{"__id__":19}],"_components":[{"__type__":"cc.UITransformComponent","_name":"ListView<UITransformComponent>","node":{"__id__":18},"_contentSize":{"__type__":"cc.Size","width":750,"height":382.2930000000002},"_anchorPoint":{"__type__":"cc.Vec2","x":0.5,"y":1}},{"__id__":20}],"_prefab":{"__type__":"cc.PrefabInfo","root":{"__id__":1},"asset":{"__id__":0},"fileId":"05WOzM6hlA06IizzTPy/ly","_synced":{"default":false,"serializable":false}},"_lpos":{"__type__":"cc.Vec3","y":2.2930000000000064}},{"__type__":"cc.Node","_name":"ct","_parent":{"__id__":18},"_components":[{"__type__":"cc.UITransformComponent","node":{"__id__":19},"_contentSize":{"__type__":"cc.Size","width":750,"height":390},"_anchorPoint":{"__type__":"cc.Vec2","x":0.5,"y":1}}],"_prefab":{"__type__":"cc.PrefabInfo","root":{"__id__":1},"asset":{"__id__":0},"fileId":"49KTJQr5hBP5Rk7EjrIudI","_synced":{"default":false,"serializable":false}}},{"__type__":"1a320jOAKlPKKbSgMSN9G4E","_name":"ListView<ListView>","node":{"__id__":18},"horizontal":false,"_content":{"__id__":19},"itemPrefabs":[{"__uuid__":"e4NJiO6VVAh7dGlSUEJY4m"}],"spacing":5},{"__type__":"cc.Node","_name":"cbtn","_parent":{"__id__":1},"_children":[{"__id__":22}],"_components":[{"__type__":"cc.UITransformComponent","_name":"playbtn<UITransformComponent>","node":{"__id__":21},"_contentSize":{"__type__":"cc.Size","width":200,"height":143}},{"__type__":"cc.WidgetComponent","_name":"playbtn<WidgetComponent>","node":{"__id__":21},"_alignFlags":4,"_bottom":98.59100000000007}],"_prefab":{"__type__":"cc.PrefabInfo","root":{"__id__":1},"asset":{"__id__":0},"fileId":"759mZtRdxEkKHSQM+pqNZy","_synced":{"default":false,"serializable":false}},"_lpos":{"__type__":"cc.Vec3","y":-496.9089999999999},"_layer":33554432},{"__type__":"cc.Node","_name":"sbtn","_parent":{"__id__":21},"_components":[{"__type__":"cc.UITransformComponent","_name":"playbtn<UITransformComponent>","node":{"__id__":22},"_contentSize":{"__type__":"cc.Size","width":200,"height":143}},{"__type__":"cc.SpriteComponent","_name":"playbtn<SpriteComponent>","node":{"__id__":22},"_spriteFrame":{"__uuid__":"5alg0KYHtFIKU8FK6ZFZz2@f9941"}},{"__type__":"cc.ButtonComponent","_name":"playbtn<ButtonComponent>","node":{"__id__":22},"clickEvents":[{"__type__":"cc.ClickEvent","target":{"__id__":1},"_componentId":"9a1dbRwPfVEYJEGzr+2jaZp","handler":"onCamara"}],"_transition":3}],"_prefab":{"__type__":"cc.PrefabInfo","root":{"__id__":1},"asset":{"__id__":0},"fileId":"9cRY6aGQxN4qF2IYAbEo1j","_synced":{"default":false,"serializable":false}},"_layer":33554432},{"__type__":"cc.Node","_name":"ct","_parent":{"__id__":1},"_components":[{"__type__":"cc.UITransformComponent","_name":"continue<UITransformComponent>","node":{"__id__":23},"_contentSize":{"__type__":"cc.Size","width":208.89,"height":63}},{"__type__":"cc.LabelComponent","_name":"continue<LabelComponent>","node":{"__id__":23},"_color":{"__type__":"cc.Color","r":154,"g":225,"b":255},"_string":"CONTINUE","_actualFontSize":40,"_lineHeight":50,"_isBold":true,"_isUnderline":true},{"__type__":"cc.ButtonComponent","_name":"continue<ButtonComponent>","node":{"__id__":23},"clickEvents":[{"__type__":"cc.ClickEvent","target":{"__id__":1},"_componentId":"9a1dbRwPfVEYJEGzr+2jaZp","handler":"onContinue"}],"_transition":3},{"__type__":"cc.WidgetComponent","_name":"continue<WidgetComponent>","node":{"__id__":23},"_alignFlags":4,"_bottom":27.077999999999953}],"_prefab":{"__type__":"cc.PrefabInfo","root":{"__id__":1},"asset":{"__id__":0},"fileId":"1ce6aw+stDFoQ2AuYwbYSV","_synced":{"default":false,"serializable":false}},"_lpos":{"__type__":"cc.Vec3","y":-608.422},"_layer":33554432},{"__type__":"cc.Node","_name":"sb","_parent":{"__id__":1},"_components":[{"__type__":"cc.UITransformComponent","_name":"scorebg-001<UITransformComponent>","node":{"__id__":24},"_contentSize":{"__type__":"cc.Size","width":300,"height":78}},{"__type__":"cc.SpriteComponent","_name":"scorebg-001<SpriteComponent>","node":{"__id__":24},"_spriteFrame":{"__uuid__":"f9WUsi/EVCaavi9HtzsJBW@f9941"},"_type":1,"_sizeMode":0}],"_prefab":{"__type__":"cc.PrefabInfo","root":{"__id__":1},"asset":{"__id__":0},"fileId":"82OplWQZBJ76H+90m5aKjK","_synced":{"default":false,"serializable":false}},"_lpos":{"__type__":"cc.Vec3","y":155.677},"_layer":33554432},{"__type__":"cc.Node","_name":"sc","_parent":{"__id__":1},"_components":[{"__type__":"cc.UITransformComponent","_name":"score<UITransformComponent>","node":{"__id__":25},"_contentSize":{"__type__":"cc.Size","width":239.58,"height":75.6}},{"__id__":26},{"__type__":"cc.LabelOutlineComponent","_name":"score<LabelOutlineComponent>","node":{"__id__":25},"_color":{"__type__":"cc.Color","r":31,"g":86,"b":157},"_width":3}],"_prefab":{"__type__":"cc.PrefabInfo","root":{"__id__":1},"asset":{"__id__":0},"fileId":"166zmqpYNPW7FdxuR6GvOD","_synced":{"default":false,"serializable":false}},"_lpos":{"__type__":"cc.Vec3","y":155.67700000000002},"_layer":33554432},{"__type__":"cc.LabelComponent","_name":"score<LabelComponent>","node":{"__id__":25},"_string":"1323131","_actualFontSize":60,"_fontSize":60,"_lineHeight":60,"_enableWrapText":false,"_isBold":true}],{"__type__":"cc.AnimationClip","_name":"startblink","speed":0.3,"wrapMode":2,"_duration":0.36666666666666664,"_keys":[[0,0.16666666666666666,0.3333333333333333,0.36666666666666664],[0,0.16666666666666666,0.3333333333333333],[0,0.16666666666666666,0.3333333333333333]],"_curves":[{"modifiers":[{"__type__":"cc.animation.HierarchyPath","path":"xx"},{"__type__":"cc.animation.ComponentPath","component":"cc.SpriteComponent"},"color"],"data":{"keys":0,"values":[{"__type__":"cc.Color","r":255,"g":255,"b":255,"a":103},{"__type__":"cc.Color","r":255,"g":255,"b":255},{"__type__":"cc.Color","r":255,"g":255,"b":255,"a":0},{"__type__":"cc.Color","r":255,"g":255,"b":255,"a":103}],"easingMethods":{}}},{"modifiers":[{"__type__":"cc.animation.HierarchyPath","path":"xx1"},{"__type__":"cc.animation.ComponentPath","component":"cc.SpriteComponent"},"color"],"data":{"keys":1,"values":[{"__type__":"cc.Color","r":255,"g":255,"b":255,"a":0},{"__type__":"cc.Color","r":255,"g":255,"b":255},{"__type__":"cc.Color","r":255,"g":255,"b":255,"a":0}],"easingMethods":{}}},{"modifiers":[{"__type__":"cc.animation.HierarchyPath","path":"xx2"},{"__type__":"cc.animation.ComponentPath","component":"cc.SpriteComponent"},"color"],"data":{"keys":2,"values":[{"__type__":"cc.Color","r":255,"g":255,"b":255,"a":238},{"__type__":"cc.Color","r":255,"g":255,"b":255,"a":0},{"__type__":"cc.Color","r":255,"g":255,"b":255}],"easingMethods":{}}}],"_hash":2743753686}]
