[{"__type__":"cc.Mesh","_native":".bin","_struct":{"primitives":[{"primitiveMode":7,"vertexBundelIndices":[0],"indexView":{"offset":9980,"length":1812,"count":906,"stride":2}}],"vertexBundles":[{"view":{"offset":0,"length":9980,"count":499,"stride":20},"attributes":[{"name":"a_position","format":32,"isNormalized":false},{"name":"a_texCoord","format":21,"isNormalized":false}]}],"minPosition":{"__type__":"cc.Vec3","x":-0.39856603741645813,"y":-0.007163094822317362,"z":-0.7129152417182922},"maxPosition":{"__type__":"cc.Vec3","x":0.39856427907943726,"y":0.6767933368682861,"z":0.7129152417182922}},"_dataLength":11792,"_hash":2199682554},[{"__type__":"cc.Prefab","data":{"__id__":1}},{"__type__":"cc.Node","_name":"jingche","_children":[{"__id__":2}],"_components":[{"__type__":"bc351P2bSVAarG7x7CzOlN0","node":{"__id__":1},"type":7},{"__type__":"cc.BoxColliderComponent","_name":"xiaoqiche<BoxColliderComponent>","node":{"__id__":1},"_center":{"__type__":"cc.Vec3","y":6,"z":3},"_size":{"__type__":"cc.Vec3","x":12,"y":14,"z":19.494}}],"_prefab":{"__type__":"cc.PrefabInfo","root":{"__id__":1},"asset":{"__id__":0},"fileId":"178l4QF5xM4YyfI0CdrwGV","_synced":{"default":false,"serializable":false}}},{"__type__":"cc.Node","_name":"SM_Veh_Car_Police_01","_parent":{"__id__":1},"_components":[{"__type__":"cc.ModelComponent","node":{"__id__":2},"_materials":[{"__uuid__":"3d5m6q/VlBlZgsozpzNrnf"}],"lightmapSettings":{"__type__":"cc.ModelLightmapSettings"},"_mesh":{"__uuid__":"2e0rLD4b9LnKyPE0f7H8Hg@5dfec"}}],"_prefab":{"__type__":"cc.PrefabInfo","root":{"__id__":1},"asset":{"__id__":0},"fileId":"623/4GRahICa9vj+2BnwcE","_synced":{"default":false,"serializable":false}},"_lpos":{"__type__":"cc.Vec3","y":0.3},"_lscale":{"__type__":"cc.Vec3","x":20,"y":20,"z":20}}]]
