[[{"__type__":"cc.Prefab","data":{"__id__":1}},{"__type__":"cc.Node","_name":"xiaofangche","_children":[{"__id__":2}],"_components":[{"__type__":"bc351P2bSVAarG7x7CzOlN0","node":{"__id__":1},"type":6},{"__type__":"cc.BoxColliderComponent","node":{"__id__":1},"_center":{"__type__":"cc.Vec3","y":15},"_size":{"__type__":"cc.Vec3","x":20,"y":30,"z":110}}],"_prefab":{"__type__":"cc.PrefabInfo","root":{"__id__":1},"asset":{"__id__":0},"fileId":"20DDOQTPhPu5cE4DaA1vGP","_synced":{"default":false,"serializable":false}}},{"__type__":"cc.Node","_name":"xiaofangche","_parent":{"__id__":1},"_components":[{"__type__":"cc.ModelComponent","node":{"__id__":2},"_materials":[{"__uuid__":"3d5m6q/VlBlZgsozpzNrnf"}],"lightmapSettings":{"__type__":"cc.ModelLightmapSettings"},"_mesh":{"__uuid__":"21zuw78N9FRJfntXgdlXnc@381f7"}}],"_prefab":{"__type__":"cc.PrefabInfo","root":{"__id__":1},"asset":{"__id__":0},"fileId":"8bybDEGlBJSp87ALh8hrhT","_synced":{"default":false,"serializable":false}},"_lpos":{"__type__":"cc.Vec3","y":0.3},"_lrot":{"__type__":"cc.Quat","x":-0.7071068407911907,"y":-1.0776514158805258e-30,"z":1.0776512342020944e-30,"w":0.7071067215818994},"_lscale":{"__type__":"cc.Vec3","x":100,"y":100.00000000000003,"z":100.00000000000003},"_euler":{"__type__":"cc.Vec3","x":-90.00000965934629,"z":1.7464087279134357e-28}}],{"__type__":"cc.Mesh","_native":".bin","_struct":{"primitives":[{"primitiveMode":7,"vertexBundelIndices":[0],"indexView":{"offset":19580,"length":3360,"count":1680,"stride":2}}],"vertexBundles":[{"view":{"offset":0,"length":19580,"count":979,"stride":20},"attributes":[{"name":"a_position","format":32,"isNormalized":false},{"name":"a_texCoord","format":21,"isNormalized":false}]}],"minPosition":{"__type__":"cc.Vec3","x":-0.09202416986227036,"y":-0.6362974643707275,"z":-0.00023222922754939646},"maxPosition":{"__type__":"cc.Vec3","x":0.09368329495191574,"y":0.5434736013412476,"z":0.2942618727684021}},"_dataLength":22940,"_hash":479429727}]
