[{"__type__":"cc.SpriteFrame","content":{"name":"kele","rect":{"x":3,"y":524,"width":58,"height":111},"offset":{"x":0,"y":0},"originalSize":{"width":58,"height":111},"rotated":false,"capInsets":[0,0,0,0],"texture":"117031e8e@6c48a"}},{"__type__":"cc.SpriteFrame","content":{"name":"resume","rect":{"x":181,"y":3,"width":179,"height":65},"offset":{"x":0,"y":0},"originalSize":{"width":179,"height":65},"rotated":true,"capInsets":[0,0,0,0],"texture":"117031e8e@6c48a"}},{"__type__":"cc.SpriteFrame","content":{"name":"citie","rect":{"x":84,"y":635,"width":72,"height":77},"offset":{"x":0,"y":0},"originalSize":{"width":72,"height":77},"rotated":true,"capInsets":[0,0,0,0],"texture":"117031e8e@6c48a"}},{"__type__":"cc.SpriteFrame","content":{"name":"jinzhuan","rect":{"x":3,"y":641,"width":75,"height":64},"offset":{"x":0,"y":0},"originalSize":{"width":75,"height":64},"rotated":false,"capInsets":[0,0,0,0],"texture":"117031e8e@6c48a"}},{"__type__":"cc.SpriteFrame","content":{"name":"quit","rect":{"x":157,"y":188,"width":179,"height":65},"offset":{"x":0,"y":0},"originalSize":{"width":179,"height":65},"rotated":true,"capInsets":[0,0,0,0],"texture":"117031e8e@6c48a"}},{"__type__":"cc.SpriteFrame","content":{"name":"toukui","rect":{"x":67,"y":547,"width":82,"height":77},"offset":{"x":0,"y":0},"originalSize":{"width":82,"height":77},"rotated":true,"capInsets":[0,0,0,0],"texture":"117031e8e@6c48a"}},{"__type__":"cc.SpriteFrame","content":{"name":"Number","rect":{"x":3,"y":3,"width":172,"height":169},"offset":{"x":-1.5,"y":29},"originalSize":{"width":181,"height":231},"rotated":false,"capInsets":[0,0,0,0],"texture":"117031e8e@6c48a"}},{"__type__":"cc.ImageAsset","content":{"fmt":"4_0","w":255,"h":710}},{"__type__":"cc.SpriteFrame","content":{"name":"pause","rect":{"x":150,"y":547,"width":64,"height":71},"offset":{"x":0,"y":0},"originalSize":{"width":64,"height":71},"rotated":false,"capInsets":[0,0,0,0],"texture":"117031e8e@6c48a"}},{"__type__":"cc.SpriteFrame","content":{"name":"buff","rect":{"x":3,"y":178,"width":130,"height":130},"offset":{"x":0,"y":0},"originalSize":{"width":130,"height":130},"rotated":false,"capInsets":[0,0,0,0],"texture":"117031e8e@6c48a"}},{"__type__":"cc.SpriteFrame","content":{"name":"double","rect":{"x":139,"y":373,"width":88,"height":84},"offset":{"x":0,"y":0},"originalSize":{"width":88,"height":84},"rotated":false,"capInsets":[0,0,0,0],"texture":"117031e8e@6c48a"}},{"__type__":"cc.SpriteFrame","content":{"name":"buff_p","rect":{"x":3,"y":314,"width":130,"height":130},"offset":{"x":0,"y":0},"originalSize":{"width":130,"height":130},"rotated":false,"capInsets":[0,0,0,0],"texture":"117031e8e@6c48a"}},{"__type__":"cc.SpriteFrame","content":{"name":"coinx2","rect":{"x":3,"y":450,"width":99,"height":68},"offset":{"x":0,"y":0},"originalSize":{"width":99,"height":68},"rotated":false,"capInsets":[0,0,0,0],"texture":"117031e8e@6c48a"}},{"__type__":"cc.SpriteFrame","content":{"name":"headkuang","rect":{"x":200,"y":463,"width":52,"height":55},"offset":{"x":0,"y":0},"originalSize":{"width":52,"height":55},"rotated":false,"capInsets":[18,13,17,14],"texture":"117031e8e@6c48a"}},{"__type__":"cc.SpriteFrame","content":{"name":"namebg2","rect":{"x":139,"y":178,"width":12,"height":41},"offset":{"x":0,"y":0},"originalSize":{"width":12,"height":41},"rotated":false,"capInsets":[0,0,0,0],"texture":"117031e8e@6c48a"}},{"__type__":"cc.SpriteFrame","content":{"name":"fuhuobi","rect":{"x":167,"y":624,"width":63,"height":62},"offset":{"x":0,"y":0},"originalSize":{"width":63,"height":62},"rotated":true,"capInsets":[0,0,0,0],"texture":"117031e8e@6c48a"}},{"__type__":"cc.SpriteFrame","content":{"name":"bg","rect":{"x":108,"y":463,"width":86,"height":78},"offset":{"x":0,"y":0},"originalSize":{"width":86,"height":78},"rotated":false,"capInsets":[31,18,28,26],"texture":"117031e8e@6c48a"}}]
