[[{"__type__":"cc.Prefab","data":{"__id__":1}},{"__type__":"cc.Node","_name":"luzhangzuigao","_children":[{"__id__":2}],"_components":[{"__type__":"bc351P2bSVAarG7x7CzOlN0","node":{"__id__":1},"type":3},{"__type__":"cc.BoxColliderComponent","node":{"__id__":1},"_center":{"__type__":"cc.Vec3","y":16},"_size":{"__type__":"cc.Vec3","x":20,"y":12,"z":1}}],"_prefab":{"__type__":"cc.PrefabInfo","root":{"__id__":1},"asset":{"__id__":0},"fileId":"04SdkgR3BEkpLOChJvF12d","_synced":{"default":false,"serializable":false}}},{"__type__":"cc.Node","_name":"Box018","_parent":{"__id__":1},"_components":[{"__type__":"cc.ModelComponent","node":{"__id__":2},"_materials":[{"__uuid__":"3d5m6q/VlBlZgsozpzNrnf"}],"lightmapSettings":{"__type__":"cc.ModelLightmapSettings"},"_mesh":{"__uuid__":"60Pwy1UdVGrKypae2Ceg5p@008ce"}}],"_prefab":{"__type__":"cc.PrefabInfo","root":{"__id__":1},"asset":{"__id__":0},"fileId":"07eSvlPDtBJrVSo/UJzAPU","_synced":{"default":false,"serializable":false}},"_lrot":{"__type__":"cc.Quat","y":0.9999999999999969,"w":7.853981648947919e-8},"_lscale":{"__type__":"cc.Vec3","x":61.265816,"y":61.26580047607419,"z":29.784770965576197},"_euler":{"__type__":"cc.Vec3","y":179.999991}}],{"__type__":"cc.Mesh","_native":".bin","_struct":{"primitives":[{"primitiveMode":7,"vertexBundelIndices":[0],"indexView":{"offset":7080,"length":1128,"count":564,"stride":2}}],"vertexBundles":[{"view":{"offset":0,"length":7080,"count":354,"stride":20},"attributes":[{"name":"a_position","format":32,"isNormalized":false},{"name":"a_texCoord","format":21,"isNormalized":false}]}],"minPosition":{"__type__":"cc.Vec3","x":-0.1509881317615509,"y":-1.7166136956348055e-7,"z":-0.061170730739831924},"maxPosition":{"__type__":"cc.Vec3","x":0.15098866820335388,"y":0.5193175673484802,"z":0.05284392088651657}},"_dataLength":8208,"_hash":2407965225}]
