[{"__type__":"cc.Mesh","_native":".bin","_struct":{"primitives":[{"primitiveMode":7,"vertexBundelIndices":[0],"indexView":{"offset":7120,"length":1092,"count":546,"stride":2}}],"vertexBundles":[{"view":{"offset":0,"length":7120,"count":356,"stride":20},"attributes":[{"name":"a_position","format":32,"isNormalized":false},{"name":"a_texCoord","format":21,"isNormalized":false}]}],"minPosition":{"__type__":"cc.Vec3","x":-0.20113028585910797,"y":-0.1419631540775299,"z":-0.0489470474421978},"maxPosition":{"__type__":"cc.Vec3","x":0.10084652900695801,"y":0.14524956047534943,"z":0.022233271971344948}},"_dataLength":8212,"_hash":470159148},[{"__type__":"cc.Prefab","data":{"__id__":1}},{"__type__":"cc.Node","_name":"luzhanggao","_children":[{"__id__":2}],"_components":[{"__type__":"bc351P2bSVAarG7x7CzOlN0","node":{"__id__":1},"type":4},{"__type__":"cc.BoxColliderComponent","node":{"__id__":1},"_center":{"__type__":"cc.Vec3","y":12},"_size":{"__type__":"cc.Vec3","x":20,"y":4,"z":1}}],"_prefab":{"__type__":"cc.PrefabInfo","root":{"__id__":1},"asset":{"__id__":0},"fileId":"51/ECkfBpDbZD50wn7MfDn","_synced":{"default":false,"serializable":false}}},{"__type__":"cc.Node","_name":"Box014","_parent":{"__id__":1},"_components":[{"__type__":"cc.ModelComponent","node":{"__id__":2},"_materials":[{"__uuid__":"3d5m6q/VlBlZgsozpzNrnf"}],"lightmapSettings":{"__type__":"cc.ModelLightmapSettings"},"_mesh":{"__uuid__":"e6sGjopDBO57XYCfn1ZWjK@46c84"}}],"_prefab":{"__type__":"cc.PrefabInfo","root":{"__id__":1},"asset":{"__id__":0},"fileId":"52yql1nGVIwbn8Ugaka+ck","_synced":{"default":false,"serializable":false}},"_lpos":{"__type__":"cc.Vec3","x":-3.07198286056519,"y":8.67221164703369,"z":-0.397833734750748},"_lrot":{"__type__":"cc.Quat","x":6.088852295624243e-15,"y":0.9999999999999938,"z":-8.14603424714728e-8,"w":7.549790126404284e-8},"_lscale":{"__type__":"cc.Vec3","x":61.26581573486329,"y":61.26580047607419,"z":29.784770965576197},"_euler":{"__type__":"cc.Vec3","x":0.0000093346676426114,"y":179.9999913485778,"z":-7.016738778909007e-15}}]]
