[{"__type__":"cc.SpriteFrame","content":{"name":"logo","rect":{"x":0,"y":0,"width":475,"height":263},"offset":{"x":0,"y":0},"originalSize":{"width":475,"height":263},"rotated":false,"capInsets":[0,0,0,0],"texture":"904XkGf1pM3KIOSlB9Xl4X@6c48a"}},[{"__type__":"cc.Prefab","data":{"__id__":1}},{"__type__":"cc.Node","_name":"HomePage","_children":[{"__id__":2},{"__id__":3},{"__id__":6}],"_components":[{"__type__":"cc.UITransformComponent","_name":"HomePage<UITransformComponent>","node":{"__id__":1},"_priority":10,"_contentSize":{"__type__":"cc.Size","width":750,"height":1334}},{"__type__":"cc.WidgetComponent","_name":"HomePage<WidgetComponent>","node":{"__id__":1},"_alignFlags":45,"_originalWidth":100,"_originalHeight":100},{"__type__":"e0b1ftv0atFvoNm1mydVc4j","_name":"HomePage<HomePage>","node":{"__id__":1},"payBtnNode":{"__id__":9},"playNode":{"__id__":18},"playfriendNode":{"__id__":21},"play2Node":{"__id__":20},"btnGroupNode":{"__id__":7},"topGroupNode":{"__id__":5}}],"_prefab":{"__type__":"cc.PrefabInfo","root":{"__id__":1},"asset":{"__id__":0},"fileId":"3dAlXTl2hCFrPDZsiuBjPf","_synced":{"default":false,"serializable":false}}},{"__type__":"cc.Node","_name":"bg","_parent":{"__id__":1},"_components":[{"__type__":"cc.UITransformComponent","_name":"bg<UITransformComponent>","node":{"__id__":2},"_contentSize":{"__type__":"cc.Size","width":750,"height":1334}},{"__type__":"cc.SpriteComponent","_name":"bg<SpriteComponent>","node":{"__id__":2},"_color":{"__type__":"cc.Color","a":150},"_spriteFrame":{"__uuid__":"edNTALYtpFZ552S9f8dXoY@f9941"},"_sizeMode":0},{"__type__":"cc.WidgetComponent","_name":"bg<WidgetComponent>","node":{"__id__":2},"_alignFlags":45,"_originalWidth":750,"_originalHeight":1334},{"__type__":"cc.ButtonComponent","node":{"__id__":2},"clickEvents":[{"__type__":"cc.ClickEvent","target":{"__id__":1},"_componentId":"e0b1ftv0atFvoNm1mydVc4j","handler":"onPlay"}]}],"_prefab":{"__type__":"cc.PrefabInfo","root":{"__id__":1},"asset":{"__id__":0},"fileId":"ffaX8CTd5AgIAdj2IYlcvf","_synced":{"default":false,"serializable":false}},"_layer":33554432},{"__type__":"cc.Node","_name":"tg","_parent":{"__id__":1},"_children":[{"__id__":4},{"__id__":5}],"_components":[{"__type__":"cc.UITransformComponent","_name":"topGroup<UITransformComponent>","node":{"__id__":3},"_contentSize":{"__type__":"cc.Size"}},{"__type__":"cc.WidgetComponent","_name":"topGroup<WidgetComponent>","node":{"__id__":3},"_alignFlags":1}],"_prefab":{"__type__":"cc.PrefabInfo","root":{"__id__":1},"asset":{"__id__":0},"fileId":"2a8zvNPtxAkaPLrJ1yTy/S","_synced":{"default":false,"serializable":false}},"_lpos":{"__type__":"cc.Vec3","y":667}},{"__type__":"cc.Node","_name":"l","_parent":{"__id__":3},"_components":[{"__type__":"cc.UITransformComponent","node":{"__id__":4},"_contentSize":{"__type__":"cc.Size","width":475,"height":263}},{"__type__":"cc.SpriteComponent","node":{"__id__":4},"_spriteFrame":{"__uuid__":"904XkGf1pM3KIOSlB9Xl4X@f9941"},"_sizeMode":2},{"__type__":"f760f0ubQVLSIZTbdZC0QFj","node":{"__id__":4}}],"_prefab":{"__type__":"cc.PrefabInfo","root":{"__id__":1},"asset":{"__id__":0},"fileId":"ba6ELmO8dJsqZT7pvfWGKc","_synced":{"default":false,"serializable":false}},"_lpos":{"__type__":"cc.Vec3","y":-275},"_layer":33554432},{"__type__":"cc.Node","_name":"s","_parent":{"__id__":3},"_components":[{"__type__":"cc.UITransformComponent","_name":"settingBtn<UITransformComponent>","node":{"__id__":5},"_contentSize":{"__type__":"cc.Size","width":67,"height":68}},{"__type__":"cc.SpriteComponent","_name":"settingBtn<SpriteComponent>","node":{"__id__":5},"_spriteFrame":{"__uuid__":"c45PNnX/pOLKuVXdydzl9v@f9941"}},{"__type__":"cc.ButtonComponent","_name":"settingBtn<ButtonComponent>","node":{"__id__":5},"clickEvents":[{"__type__":"cc.ClickEvent","target":{"__id__":1},"_componentId":"e0b1ftv0atFvoNm1mydVc4j","handler":"onSettingClick"}],"_transition":3}],"_prefab":{"__type__":"cc.PrefabInfo","root":{"__id__":1},"asset":{"__id__":0},"fileId":"f4aM7R449NQIAkUwECXEwG","_synced":{"default":false,"serializable":false}},"_lpos":{"__type__":"cc.Vec3","x":-324.757,"y":-48.96100000000001},"_layer":33554432},{"__type__":"cc.Node","_name":"bg","_parent":{"__id__":1},"_children":[{"__id__":7},{"__id__":18},{"__id__":20}],"_components":[{"__type__":"cc.UITransformComponent","node":{"__id__":6},"_contentSize":{"__type__":"cc.Size"}},{"__type__":"cc.WidgetComponent","node":{"__id__":6},"_alignFlags":4}],"_prefab":{"__type__":"cc.PrefabInfo","root":{"__id__":1},"asset":{"__id__":0},"fileId":"19hgM9fkFHzJzluo8QGeIE","_synced":{"default":false,"serializable":false}},"_lpos":{"__type__":"cc.Vec3","y":-667}},{"__type__":"cc.Node","_name":"btnG","_parent":{"__id__":6},"_children":[{"__id__":8},{"__id__":9},{"__id__":10},{"__id__":11},{"__id__":13},{"__id__":17}],"_components":[{"__type__":"cc.UITransformComponent","node":{"__id__":7}}],"_prefab":{"__type__":"cc.PrefabInfo","root":{"__id__":1},"asset":{"__id__":0},"fileId":"a9qenvTC9CIpR7dQqJsyED","_synced":{"default":false,"serializable":false}},"_lpos":{"__type__":"cc.Vec3","y":667}},{"__type__":"cc.Node","_name":"rb","_parent":{"__id__":7},"_components":[{"__type__":"cc.UITransformComponent","node":{"__id__":8},"_contentSize":{"__type__":"cc.Size","width":142,"height":142}},{"__type__":"cc.SpriteComponent","node":{"__id__":8},"_spriteFrame":{"__uuid__":"f7a5ny59ZBbr65egamLpnA@f9941"}},{"__type__":"cc.ButtonComponent","node":{"__id__":8},"clickEvents":[{"__type__":"cc.ClickEvent","target":{"__id__":1},"_componentId":"e0b1ftv0atFvoNm1mydVc4j","handler":"onRankClick"}],"_transition":3}],"_prefab":{"__type__":"cc.PrefabInfo","root":{"__id__":1},"asset":{"__id__":0},"fileId":"9cRY6aGQxN4qF2IYAbEo1j","_synced":{"default":false,"serializable":false}},"_lpos":{"__type__":"cc.Vec3","x":-210,"y":-505.571},"_layer":33554432},{"__type__":"cc.Node","_name":"sb","_parent":{"__id__":7},"_components":[{"__type__":"cc.UITransformComponent","node":{"__id__":9},"_contentSize":{"__type__":"cc.Size","width":142,"height":142}},{"__type__":"cc.SpriteComponent","node":{"__id__":9},"_spriteFrame":{"__uuid__":"60mjxSbzNB5503LgS/QXIP@f9941"}},{"__type__":"cc.ButtonComponent","node":{"__id__":9},"clickEvents":[{"__type__":"cc.ClickEvent","target":{"__id__":1},"_componentId":"e0b1ftv0atFvoNm1mydVc4j","handler":"onPayClick"}],"_transition":3}],"_prefab":{"__type__":"cc.PrefabInfo","root":{"__id__":1},"asset":{"__id__":0},"fileId":"35blRm7EBHsaKXI3EbazmV","_synced":{"default":false,"serializable":false}},"_lpos":{"__type__":"cc.Vec3","y":-505.571},"_layer":33554432},{"__type__":"cc.Node","_name":"shb","_parent":{"__id__":7},"_components":[{"__type__":"cc.UITransformComponent","node":{"__id__":10},"_contentSize":{"__type__":"cc.Size","width":142,"height":142}},{"__type__":"cc.SpriteComponent","node":{"__id__":10},"_spriteFrame":{"__uuid__":"84FSNdOBZBtIA5WNke4pzF@f9941"}},{"__type__":"cc.ButtonComponent","node":{"__id__":10},"clickEvents":[{"__type__":"cc.ClickEvent","target":{"__id__":1},"_componentId":"e0b1ftv0atFvoNm1mydVc4j","handler":"onSkinClick"}],"_transition":3}],"_prefab":{"__type__":"cc.PrefabInfo","root":{"__id__":1},"asset":{"__id__":0},"fileId":"35blRm7EBHsaKXI3EbazmV","_synced":{"default":false,"serializable":false}},"_lpos":{"__type__":"cc.Vec3","x":210,"y":-505.571},"_layer":33554432},{"__type__":"cc.Node","_name":"tb","_parent":{"__id__":7},"_children":[{"__id__":12}],"_components":[{"__type__":"cc.UITransformComponent","_name":"taskBtn<UITransformComponent>","node":{"__id__":11},"_contentSize":{"__type__":"cc.Size","width":197,"height":198}},{"__type__":"cc.SpriteComponent","_name":"taskBtn<SpriteComponent>","node":{"__id__":11},"_spriteFrame":{"__uuid__":"ca6/3Ul21ECpBr/bHfwiSz@f9941"},"_sizeMode":2},{"__type__":"cc.ButtonComponent","_name":"taskBtn<ButtonComponent>","node":{"__id__":11},"clickEvents":[{"__type__":"cc.ClickEvent","target":{"__id__":1},"_componentId":"e0b1ftv0atFvoNm1mydVc4j","handler":"onTaskClick"}],"_transition":3}],"_prefab":{"__type__":"cc.PrefabInfo","root":{"__id__":1},"asset":{"__id__":0},"fileId":"6eeBhdr35AubRSs/UEZQop","_synced":{"default":false,"serializable":false}},"_lpos":{"__type__":"cc.Vec3","x":286.722,"y":225.114},"_lscale":{"__type__":"cc.Vec3","x":0.6,"y":0.6,"z":1},"_layer":33554432},{"__type__":"cc.Node","_name":"r","_parent":{"__id__":11},"_components":[{"__type__":"cc.UITransformComponent","node":{"__id__":12},"_contentSize":{"__type__":"cc.Size","width":43,"height":43}},{"__type__":"cc.SpriteComponent","node":{"__id__":12},"_spriteFrame":{"__uuid__":"8cjqT6CAhMu7wICZup5L0Z@f9941"}},{"__type__":"232bfnWME1JHrWH7Gzr9JFj","node":{"__id__":12}}],"_prefab":{"__type__":"cc.PrefabInfo","root":{"__id__":1},"asset":{"__id__":0},"fileId":"8b6W31NgJHXYp7BZn7Ev3P","_synced":{"default":false,"serializable":false}},"_lpos":{"__type__":"cc.Vec3","x":79.403,"y":39.556}},{"__type__":"cc.Node","_name":"zb","_parent":{"__id__":7},"_children":[{"__id__":14}],"_components":[{"__type__":"cc.UITransformComponent","node":{"__id__":13},"_contentSize":{"__type__":"cc.Size","width":195,"height":195}},{"__type__":"cc.SpriteComponent","node":{"__id__":13},"_spriteFrame":{"__uuid__":"13yqG/9zJKta8T6jrOKlm9@f9941"},"_sizeMode":2},{"__id__":16},{"__type__":"7f38bbJFRNDDYBhNkwTXV2Z","node":{"__id__":13},"timerLabel":{"__id__":15},"spinBtn":{"__id__":16}},{"__type__":"b9529yE3w1KxLeWvJjh3ic+","node":{"__id__":13}}],"_prefab":{"__type__":"cc.PrefabInfo","root":{"__id__":1},"asset":{"__id__":0},"fileId":"05Ls2a0C5JaZjG1GJIkqZ1","_synced":{"default":false,"serializable":false}},"_lpos":{"__type__":"cc.Vec3","x":290.426,"y":74.831},"_lscale":{"__type__":"cc.Vec3","x":0.6,"y":0.6,"z":1},"_layer":33554432},{"__type__":"cc.Node","_name":"t","_parent":{"__id__":13},"_components":[{"__type__":"cc.UITransformComponent","node":{"__id__":14},"_contentSize":{"__type__":"cc.Size","width":75.07,"height":50.4}},{"__id__":15}],"_prefab":{"__type__":"cc.PrefabInfo","root":{"__id__":1},"asset":{"__id__":0},"fileId":"064lHblAdKHoBJ7xkIeVa0","_synced":{"default":false,"serializable":false}},"_lpos":{"__type__":"cc.Vec3","y":-130.192},"_layer":33554432},{"__type__":"cc.LabelComponent","node":{"__id__":14},"_string":"10:10","_actualFontSize":30,"_fontSize":30},{"__type__":"cc.ButtonComponent","node":{"__id__":13},"clickEvents":[{"__type__":"cc.ClickEvent","target":{"__id__":1},"_componentId":"e0b1ftv0atFvoNm1mydVc4j","handler":"onZhuanpanClick"}],"_transition":3},{"__type__":"cc.Node","_name":"sb","_parent":{"__id__":7},"_components":[{"__type__":"cc.UITransformComponent","_name":"taskBtn<UITransformComponent>","node":{"__id__":17},"_contentSize":{"__type__":"cc.Size","width":198,"height":198}},{"__type__":"cc.SpriteComponent","_name":"taskBtn<SpriteComponent>","node":{"__id__":17},"_spriteFrame":{"__uuid__":"73edHiUllA8ZDO5wBrOyiy@f9941"},"_sizeMode":0},{"__type__":"cc.ButtonComponent","_name":"taskBtn<ButtonComponent>","node":{"__id__":17},"clickEvents":[{"__type__":"cc.ClickEvent","target":{"__id__":1},"_componentId":"e0b1ftv0atFvoNm1mydVc4j","handler":"onShare"}],"_transition":3}],"_prefab":{"__type__":"cc.PrefabInfo","root":{"__id__":1},"asset":{"__id__":0},"fileId":"5fB1to69VAsoDivNOg/y8V","_synced":{"default":false,"serializable":false}},"_lpos":{"__type__":"cc.Vec3","x":290.426,"y":-76.112},"_lscale":{"__type__":"cc.Vec3","x":0.6,"y":0.6,"z":1},"_layer":33554432},{"__type__":"cc.Node","_name":"tp","_parent":{"__id__":6},"_children":[{"__id__":19}],"_components":[{"__type__":"cc.UITransformComponent","_name":"tapplay<UITransformComponent>","node":{"__id__":18},"_contentSize":{"__type__":"cc.Size","width":369.5,"height":100.8}}],"_prefab":{"__type__":"cc.PrefabInfo","root":{"__id__":1},"asset":{"__id__":0},"fileId":"a755PgdupDNY/BMp7ppbbl","_synced":{"default":false,"serializable":false}},"_lpos":{"__type__":"cc.Vec3","y":374.113},"_layer":33554432},{"__type__":"cc.Node","_name":"p","_parent":{"__id__":18},"_components":[{"__type__":"cc.UITransformComponent","node":{"__id__":19},"_contentSize":{"__type__":"cc.Size","width":270,"height":106}},{"__type__":"cc.SpriteComponent","node":{"__id__":19},"_spriteFrame":{"__uuid__":"59ji/ef1RKUZ/8rj4km3eM@f9941"}},{"__type__":"cc.ButtonComponent","node":{"__id__":19},"clickEvents":[{"__type__":"cc.ClickEvent","target":{"__id__":1},"_componentId":"e0b1ftv0atFvoNm1mydVc4j","handler":"onPlay"}],"_transition":3}],"_prefab":{"__type__":"cc.PrefabInfo","root":{"__id__":1},"asset":{"__id__":0},"fileId":"98mjWdva1Geav9EJ1qiRTJ","_synced":{"default":false,"serializable":false}},"_lpos":{"__type__":"cc.Vec3","y":6.5400000000000205}},{"__type__":"cc.Node","_name":"tp2","_parent":{"__id__":6},"_children":[{"__id__":21},{"__id__":22}],"_components":[{"__type__":"cc.UITransformComponent","node":{"__id__":20},"_contentSize":{"__type__":"cc.Size","width":369.5,"height":100.8}}],"_prefab":{"__type__":"cc.PrefabInfo","root":{"__id__":1},"asset":{"__id__":0},"fileId":"d7jEiKif9JppJJ9sgo6wXt","_synced":{"default":false,"serializable":false}},"_lpos":{"__type__":"cc.Vec3","y":308.955},"_layer":33554432},{"__type__":"cc.Node","_name":"m","_parent":{"__id__":20},"_components":[{"__type__":"cc.UITransformComponent","node":{"__id__":21},"_contentSize":{"__type__":"cc.Size","width":321,"height":166}},{"__type__":"cc.SpriteComponent","node":{"__id__":21},"_spriteFrame":{"__uuid__":"b2a89wDqpNbYk/Ib+2iaBt@f9941"}},{"__type__":"cc.ButtonComponent","node":{"__id__":21},"clickEvents":[{"__type__":"cc.ClickEvent","target":{"__id__":1},"_componentId":"e0b1ftv0atFvoNm1mydVc4j","handler":"onTournament"}],"_transition":3}],"_prefab":{"__type__":"cc.PrefabInfo","root":{"__id__":1},"asset":{"__id__":0},"fileId":"81PnpqJG1BqKsX0CwY6sEl","_synced":{"default":false,"serializable":false}},"_lpos":{"__type__":"cc.Vec3","y":155.039}},{"__type__":"cc.Node","_name":"s","_parent":{"__id__":20},"_components":[{"__type__":"cc.UITransformComponent","node":{"__id__":22},"_contentSize":{"__type__":"cc.Size","width":230,"height":87}},{"__type__":"cc.SpriteComponent","node":{"__id__":22},"_spriteFrame":{"__uuid__":"a8IOQgddpNBbPN0HHly9aA@f9941"}},{"__type__":"cc.ButtonComponent","node":{"__id__":22},"clickEvents":[{"__type__":"cc.ClickEvent","target":{"__id__":1},"_componentId":"e0b1ftv0atFvoNm1mydVc4j","handler":"onPlay"}],"_transition":3}],"_prefab":{"__type__":"cc.PrefabInfo","root":{"__id__":1},"asset":{"__id__":0},"fileId":"727Zm9r5lPvaDCJhlBNmUE","_synced":{"default":false,"serializable":false}},"_lpos":{"__type__":"cc.Vec3","y":6.5400000000000205}}]]
