[[{"__type__":"cc.Prefab","data":{"__id__":1}},{"__type__":"cc.Node","_name":"xiaofangshuai","_children":[{"__id__":2}],"_components":[{"__type__":"bc351P2bSVAarG7x7CzOlN0","node":{"__id__":1},"type":2},{"__type__":"cc.BoxColliderComponent","node":{"__id__":1},"_center":{"__type__":"cc.Vec3","y":6},"_size":{"__type__":"cc.Vec3","x":5,"y":12,"z":5}}],"_prefab":{"__type__":"cc.PrefabInfo","root":{"__id__":1},"asset":{"__id__":0},"fileId":"52Ekj+Q9BNZ4E1/B6aEnY9","_synced":{"default":false,"serializable":false}}},{"__type__":"cc.Node","_name":"SM_Prop_FireHydrant_01","_parent":{"__id__":1},"_components":[{"__type__":"cc.ModelComponent","node":{"__id__":2},"_materials":[{"__uuid__":"3d5m6q/VlBlZgsozpzNrnf"}],"lightmapSettings":{"__type__":"cc.ModelLightmapSettings"},"_mesh":{"__uuid__":"49barYNtFFMZ4Q2OfnqqyZ@3fcd8"}}],"_prefab":{"__type__":"cc.PrefabInfo","root":{"__id__":1},"asset":{"__id__":0},"fileId":"9bQKLP4w1PWpqTwXzuuNL2","_synced":{"default":false,"serializable":false}},"_lscale":{"__type__":"cc.Vec3","x":29.0944957733154,"y":29.0945014953613,"z":29.0945053100586},"_euler":{"__type__":"cc.Vec3","x":0.000009334667642611398}}],{"__type__":"cc.Mesh","_native":".bin","_struct":{"primitives":[{"primitiveMode":7,"vertexBundelIndices":[0],"indexView":{"offset":4140,"length":624,"count":312,"stride":2}}],"vertexBundles":[{"view":{"offset":0,"length":4140,"count":207,"stride":20},"attributes":[{"name":"a_position","format":32,"isNormalized":false},{"name":"a_texCoord","format":21,"isNormalized":false}]}],"minPosition":{"__type__":"cc.Vec3","x":-0.19248849153518677,"y":-2.7158854720710224e-8,"z":-0.16669978201389313},"maxPosition":{"__type__":"cc.Vec3","x":0.19248849153518677,"y":0.44446861743927,"z":0.16669978201389313}},"_dataLength":4764,"_hash":2196532223}]
