[{"__type__":"cc.SpriteFrame","content":{"name":"title","rect":{"x":3,"y":307,"width":675,"height":133},"offset":{"x":0,"y":0},"originalSize":{"width":675,"height":133},"rotated":true,"capInsets":[0,0,0,0],"texture":"186a65d27@6c48a"}},{"__type__":"cc.SpriteFrame","content":{"name":"headkuang","rect":{"x":316,"y":683,"width":196,"height":196},"offset":{"x":0,"y":0},"originalSize":{"width":196,"height":196},"rotated":false,"capInsets":[0,0,0,0],"texture":"186a65d27@6c48a"}},{"__type__":"cc.SpriteFrame","content":{"name":"camera1","rect":{"x":606,"y":239,"width":200,"height":143},"offset":{"x":0,"y":0},"originalSize":{"width":200,"height":143},"rotated":true,"capInsets":[0,0,0,0],"texture":"186a65d27@6c48a"}},{"__type__":"cc.SpriteFrame","content":{"name":"X","rect":{"x":783,"y":952,"width":59,"height":60},"offset":{"x":0,"y":0},"originalSize":{"width":59,"height":60},"rotated":false,"capInsets":[0,0,0,0],"texture":"186a65d27@6c48a"}},{"__type__":"cc.SpriteFrame","content":{"name":"ad","rect":{"x":314,"y":885,"width":47,"height":46},"offset":{"x":0,"y":0},"originalSize":{"width":47,"height":46},"rotated":true,"capInsets":[0,0,0,0],"texture":"186a65d27@6c48a"}},{"__type__":"cc.SpriteFrame","content":{"name":"rewardline","rect":{"x":140,"y":1016,"width":22,"height":5},"offset":{"x":0,"y":0},"originalSize":{"width":22,"height":5},"rotated":false,"capInsets":[0,0,0,0],"texture":"186a65d27@6c48a"}},{"__type__":"cc.SpriteFrame","content":{"name":"dot","rect":{"x":140,"y":988,"width":22,"height":22},"offset":{"x":0,"y":0},"originalSize":{"width":22,"height":22},"rotated":false,"capInsets":[0,0,0,0],"texture":"186a65d27@6c48a"}},{"__type__":"cc.SpriteFrame","content":{"name":"red","rect":{"x":593,"y":741,"width":43,"height":43},"offset":{"x":0,"y":0},"originalSize":{"width":43,"height":43},"rotated":false,"capInsets":[0,0,0,0],"texture":"186a65d27@6c48a"}},{"__type__":"cc.SpriteFrame","content":{"name":"1","rect":{"x":518,"y":708,"width":69,"height":83},"offset":{"x":0,"y":0},"originalSize":{"width":69,"height":83},"rotated":false,"capInsets":[0,0,0,0],"texture":"186a65d27@6c48a"}},{"__type__":"cc.SpriteFrame","content":{"name":"xinxitiao","rect":{"x":3,"y":3,"width":750,"height":124},"offset":{"x":0,"y":0},"originalSize":{"width":750,"height":124},"rotated":false,"capInsets":[0,0,0,0],"texture":"186a65d27@6c48a"}},{"__type__":"cc.SpriteFrame","content":{"name":"zhuanpanbtn","rect":{"x":518,"y":797,"width":195,"height":195},"offset":{"x":0,"y":0},"originalSize":{"width":195,"height":195},"rotated":false,"capInsets":[0,0,0,0],"texture":"186a65d27@6c48a"}},{"__type__":"cc.SpriteFrame","content":{"name":"xingxing","rect":{"x":750,"y":604,"width":56,"height":56},"offset":{"x":0,"y":0},"originalSize":{"width":56,"height":56},"rotated":false,"capInsets":[0,0,0,0],"texture":"186a65d27@6c48a"}},{"__type__":"cc.SpriteFrame","content":{"name":"goldplay","rect":{"x":719,"y":741,"width":140,"height":60},"offset":{"x":0,"y":0},"originalSize":{"width":140,"height":60},"rotated":false,"capInsets":[0,0,0,0],"texture":"186a65d27@6c48a"}},{"__type__":"cc.SpriteFrame","content":{"name":"adbtn","rect":{"x":759,"y":3,"width":298,"height":115},"offset":{"x":0,"y":0},"originalSize":{"width":298,"height":115},"rotated":true,"capInsets":[0,0,0,0],"texture":"186a65d27@6c48a"}},{"__type__":"cc.SpriteFrame","content":{"name":"share","rect":{"x":755,"y":307,"width":113,"height":60},"offset":{"x":0,"y":0},"originalSize":{"width":113,"height":60},"rotated":false,"capInsets":[0,0,0,0],"texture":"186a65d27@6c48a"}},{"__type__":"cc.ImageAsset","content":{"fmt":"4_0","w":877,"h":1024}},{"__type__":"cc.SpriteFrame","content":{"name":"namebg","rect":{"x":330,"y":133,"width":314,"height":66},"offset":{"x":0,"y":0},"originalSize":{"width":314,"height":66},"rotated":false,"capInsets":[0,0,0,0],"texture":"186a65d27@6c48a"}},{"__type__":"cc.SpriteFrame","content":{"name":"play1","rect":{"x":330,"y":205,"width":270,"height":106},"offset":{"x":0,"y":0},"originalSize":{"width":270,"height":106},"rotated":false,"capInsets":[0,0,0,0],"texture":"186a65d27@6c48a"}},{"__type__":"cc.SpriteFrame","content":{"name":"btn_pay","rect":{"x":602,"y":445,"width":142,"height":142},"offset":{"x":0,"y":0},"originalSize":{"width":142,"height":142},"rotated":false,"capInsets":[0,0,0,0],"texture":"186a65d27@6c48a"}},{"__type__":"cc.SpriteFrame","content":{"name":"shengjibtn","rect":{"x":168,"y":665,"width":142,"height":138},"offset":{"x":0,"y":0},"originalSize":{"width":142,"height":138},"rotated":false,"capInsets":[0,0,0,0],"texture":"186a65d27@6c48a"}},{"__type__":"cc.SpriteFrame","content":{"name":"button","rect":{"x":326,"y":410,"width":215,"height":64},"offset":{"x":0,"y":0},"originalSize":{"width":215,"height":64},"rotated":false,"capInsets":[0,0,0,0],"texture":"186a65d27@6c48a"}},{"__type__":"cc.SpriteFrame","content":{"name":"wanjiakuang","rect":{"x":859,"y":439,"width":4,"height":128},"offset":{"x":0,"y":0},"originalSize":{"width":4,"height":128},"rotated":false,"capInsets":[0,0,0,0],"texture":"186a65d27@6c48a"}},{"__type__":"cc.SpriteFrame","content":{"name":"share2","rect":{"x":366,"y":885,"width":125,"height":125},"offset":{"x":0,"y":0},"originalSize":{"width":125,"height":125},"rotated":false,"capInsets":[0,0,0,0],"texture":"186a65d27@6c48a"}},{"__type__":"cc.SpriteFrame","content":{"name":"fuhuobiplay","rect":{"x":168,"y":809,"width":140,"height":61},"offset":{"x":0,"y":0},"originalSize":{"width":140,"height":61},"rotated":false,"capInsets":[0,0,0,0],"texture":"186a65d27@6c48a"}},{"__type__":"cc.SpriteFrame","content":{"name":"jindutioa","rect":{"x":40,"y":988,"width":94,"height":29},"offset":{"x":0,"y":0},"originalSize":{"width":94,"height":29},"rotated":false,"capInsets":[36,11,28,10],"texture":"186a65d27@6c48a"}},{"__type__":"cc.SpriteFrame","content":{"name":"jia","rect":{"x":3,"y":988,"width":31,"height":31},"offset":{"x":0,"y":0},"originalSize":{"width":31,"height":31},"rotated":false,"capInsets":[0,0,0,0],"texture":"186a65d27@6c48a"}},{"__type__":"cc.SpriteFrame","content":{"name":"tournamentBtn","rect":{"x":719,"y":807,"width":139,"height":139},"offset":{"x":0,"y":0},"originalSize":{"width":139,"height":139},"rotated":false,"capInsets":[0,0,0,0],"texture":"186a65d27@6c48a"}},{"__type__":"cc.SpriteFrame","content":{"name":"bg","rect":{"x":750,"y":543,"width":98,"height":55},"offset":{"x":0,"y":0},"originalSize":{"width":98,"height":55},"rotated":false,"capInsets":[39,22,41,30],"texture":"186a65d27@6c48a"}},{"__type__":"cc.SpriteFrame","content":{"name":"title","rect":{"x":869,"y":439,"width":2,"height":158},"offset":{"x":0,"y":0},"originalSize":{"width":2,"height":158},"rotated":false,"capInsets":[0,0,0,0],"texture":"186a65d27@6c48a"}},{"__type__":"cc.SpriteFrame","content":{"name":"btn_shop","rect":{"x":602,"y":593,"width":142,"height":142},"offset":{"x":0,"y":0},"originalSize":{"width":142,"height":142},"rotated":false,"capInsets":[0,0,0,0],"texture":"186a65d27@6c48a"}},{"__type__":"cc.SpriteFrame","content":{"name":"fuhuobidi","rect":{"x":547,"y":410,"width":138,"height":49},"offset":{"x":0,"y":0},"originalSize":{"width":138,"height":49},"rotated":true,"capInsets":[0,0,0,0],"texture":"186a65d27@6c48a"}},{"__type__":"cc.SpriteFrame","content":{"name":"3","rect":{"x":168,"y":943,"width":69,"height":83},"offset":{"x":0,"y":0},"originalSize":{"width":69,"height":83},"rotated":true,"capInsets":[0,0,0,0],"texture":"186a65d27@6c48a"}},{"__type__":"cc.SpriteFrame","content":{"name":"solo","rect":{"x":327,"y":317,"width":230,"height":87},"offset":{"x":0,"y":0},"originalSize":{"width":230,"height":87},"rotated":false,"capInsets":[0,0,0,0],"texture":"186a65d27@6c48a"}},{"__type__":"cc.SpriteFrame","content":{"name":"toukuiplay","rect":{"x":168,"y":876,"width":140,"height":61},"offset":{"x":0,"y":0},"originalSize":{"width":140,"height":61},"rotated":false,"capInsets":[0,0,0,0],"texture":"186a65d27@6c48a"}},{"__type__":"cc.SpriteFrame","content":{"name":"2","rect":{"x":257,"y":943,"width":69,"height":83},"offset":{"x":0,"y":0},"originalSize":{"width":69,"height":83},"rotated":true,"capInsets":[0,0,0,0],"texture":"186a65d27@6c48a"}},{"__type__":"cc.SpriteFrame","content":{"name":"play-friends","rect":{"x":3,"y":133,"width":321,"height":166},"offset":{"x":0,"y":0},"originalSize":{"width":321,"height":166},"rotated":false,"capInsets":[0,0,0,0],"texture":"186a65d27@6c48a"}},{"__type__":"cc.SpriteFrame","content":{"name":"setting","rect":{"x":529,"y":634,"width":67,"height":68},"offset":{"x":0,"y":0},"originalSize":{"width":67,"height":68},"rotated":false,"capInsets":[0,0,0,0],"texture":"186a65d27@6c48a"}},{"__type__":"cc.SpriteFrame","content":{"name":"itemheadkaung","rect":{"x":755,"y":439,"width":98,"height":98},"offset":{"x":0,"y":0},"originalSize":{"width":98,"height":98},"rotated":false,"capInsets":[0,0,0,0],"texture":"186a65d27@6c48a"}},{"__type__":"cc.SpriteFrame","content":{"name":"skinBtn","rect":{"x":168,"y":376,"width":152,"height":135},"offset":{"x":0,"y":0},"originalSize":{"width":152,"height":135},"rotated":false,"capInsets":[0,0,0,0],"texture":"186a65d27@6c48a"}},{"__type__":"cc.SpriteFrame","content":{"name":"btn_task","rect":{"x":326,"y":480,"width":197,"height":197},"offset":{"x":0,"y":0.5},"originalSize":{"width":197,"height":198},"rotated":false,"capInsets":[0,0,0,0],"texture":"186a65d27@6c48a"}},{"__type__":"cc.SpriteFrame","content":{"name":"play1","rect":{"x":755,"y":373,"width":113,"height":60},"offset":{"x":0,"y":0},"originalSize":{"width":113,"height":60},"rotated":false,"capInsets":[0,0,0,0],"texture":"186a65d27@6c48a"}},{"__type__":"cc.SpriteFrame","content":{"name":"return","rect":{"x":529,"y":554,"width":74,"height":67},"offset":{"x":0,"y":0},"originalSize":{"width":74,"height":67},"rotated":true,"capInsets":[0,0,0,0],"texture":"186a65d27@6c48a"}},{"__type__":"cc.SpriteFrame","content":{"name":"shuangbei","rect":{"x":142,"y":305,"width":179,"height":65},"offset":{"x":0,"y":0.5},"originalSize":{"width":179,"height":66},"rotated":false,"capInsets":[0,0,0,0],"texture":"186a65d27@6c48a"}},{"__type__":"cc.SpriteFrame","content":{"name":"jinzhuandi","rect":{"x":719,"y":952,"width":58,"height":63},"offset":{"x":0,"y":0},"originalSize":{"width":58,"height":63},"rotated":false,"capInsets":[22,23,21,24],"texture":"186a65d27@6c48a"}},{"__type__":"cc.SpriteFrame","content":{"name":"singleColor","rect":{"x":606,"y":205,"width":2,"height":2},"offset":{"x":0,"y":0},"originalSize":{"width":2,"height":2},"rotated":false,"capInsets":[0,0,0,0],"texture":"186a65d27@6c48a"}},{"__type__":"cc.SpriteFrame","content":{"name":"btn_rank","rect":{"x":168,"y":517,"width":142,"height":142},"offset":{"x":0,"y":0},"originalSize":{"width":142,"height":142},"rotated":false,"capInsets":[0,0,0,0],"texture":"186a65d27@6c48a"}},{"__type__":"cc.SpriteFrame","content":{"name":"icon","rect":{"x":650,"y":133,"width":100,"height":100},"offset":{"x":0,"y":0},"originalSize":{"width":100,"height":100},"rotated":false,"capInsets":[0,0,0,0],"texture":"186a65d27@6c48a"}}]
