[{"__type__":"cc.SpriteFrame","content":{"name":"fuhuobiad","rect":{"x":0,"y":0,"width":750,"height":221},"offset":{"x":0,"y":0},"originalSize":{"width":750,"height":221},"rotated":false,"capInsets":[0,0,0,0],"texture":"5b/m3M1cNGG6jrs2IPhs/J@6c48a"}},[{"__type__":"cc.Prefab","data":{"__id__":1}},{"__type__":"cc.Node","_name":"ResultPage","_children":[{"__id__":2},{"__id__":3},{"__id__":4},{"__id__":9},{"__id__":12},{"__id__":46},{"__id__":48}],"_components":[{"__type__":"cc.UITransformComponent","_name":"HomePage<UITransformComponent>","node":{"__id__":1},"_priority":10,"_contentSize":{"__type__":"cc.Size","width":750,"height":1334}},{"__type__":"cc.WidgetComponent","_name":"HomePage<WidgetComponent>","node":{"__id__":1},"_alignFlags":45,"_originalWidth":100,"_originalHeight":100},{"__type__":"04c64RCn19EdLPA0gqSCe/H","_name":"ResultPage<ResultPage>","node":{"__id__":1},"listView":{"__id__":19},"resultAdBar":{"__id__":43},"score2Label":{"__id__":21},"reward2Label":{"__id__":25},"ad2Btn":{"__id__":32},"ad2RewardLabel":{"__id__":30},"reward2Node":{"__id__":23},"ad2X2Node":{"__id__":27},"playNode":{"__id__":52},"continueNode":{"__id__":53},"shopBtnNode":{"__id__":56},"taskBtnNode":{"__id__":54},"tournamentBtnNode":{"__id__":57}},{"__type__":"cc.BlockInputEventsComponent","node":{"__id__":1}}],"_prefab":{"__type__":"cc.PrefabInfo","root":{"__id__":1},"asset":{"__id__":0},"fileId":"3dAlXTl2hCFrPDZsiuBjPf","_synced":{"default":false,"serializable":false}}},{"__type__":"cc.Node","_name":"bg1","_parent":{"__id__":1},"_components":[{"__type__":"cc.UITransformComponent","node":{"__id__":2},"_contentSize":{"__type__":"cc.Size","width":750,"height":600},"_anchorPoint":{"__type__":"cc.Vec2","x":0.5,"y":1}},{"__type__":"cc.SpriteComponent","node":{"__id__":2},"_spriteFrame":{"__uuid__":"6bMMIckyNDAoOZ/rJ8y8af@f9941"},"_sizeMode":0},{"__type__":"cc.WidgetComponent","_name":"bg1<WidgetComponent>","node":{"__id__":2},"_alignFlags":41,"_top":76.70100000000002,"_originalWidth":2,"_originalHeight":1334}],"_prefab":{"__type__":"cc.PrefabInfo","root":{"__id__":1},"asset":{"__id__":0},"fileId":"87AfAh56tOrZzlGAseR4Uu","_synced":{"default":false,"serializable":false}},"_lpos":{"__type__":"cc.Vec3","y":590.299}},{"__type__":"cc.Node","_name":"bg","_parent":{"__id__":1},"_components":[{"__type__":"cc.UITransformComponent","node":{"__id__":3},"_contentSize":{"__type__":"cc.Size","width":749.595,"height":389.755}},{"__type__":"cc.SpriteComponent","node":{"__id__":3},"_color":{"__type__":"cc.Color","r":46,"g":70,"b":118},"_spriteFrame":{"__uuid__":"edNTALYtpFZ552S9f8dXoY@f9941"},"_sizeMode":0}],"_prefab":{"__type__":"cc.PrefabInfo","root":{"__id__":1},"asset":{"__id__":0},"fileId":"2aFoSH9f1PopuMJjr7KSCd","_synced":{"default":false,"serializable":false}},"_lpos":{"__type__":"cc.Vec3","y":-596.1374999999999}},{"__type__":"cc.Node","_name":"tg","_parent":{"__id__":1},"_children":[{"__id__":5},{"__id__":6},{"__id__":7}],"_components":[{"__type__":"cc.UITransformComponent","_name":"topGroup<UITransformComponent>","node":{"__id__":4},"_contentSize":{"__type__":"cc.Size"}},{"__type__":"cc.WidgetComponent","_name":"topGroup<WidgetComponent>","node":{"__id__":4},"_alignFlags":1}],"_prefab":{"__type__":"cc.PrefabInfo","root":{"__id__":1},"asset":{"__id__":0},"fileId":"2a8zvNPtxAkaPLrJ1yTy/S","_synced":{"default":false,"serializable":false}},"_lpos":{"__type__":"cc.Vec3","y":667}},{"__type__":"cc.Node","_name":"b","_parent":{"__id__":4},"_components":[{"__type__":"cc.UITransformComponent","node":{"__id__":5},"_contentSize":{"__type__":"cc.Size","width":750,"height":100}},{"__type__":"cc.SpriteComponent","node":{"__id__":5},"_color":{"__type__":"cc.Color","r":49,"g":69,"b":116},"_spriteFrame":{"__uuid__":"edNTALYtpFZ552S9f8dXoY@f9941"},"_sizeMode":0}],"_prefab":{"__type__":"cc.PrefabInfo","root":{"__id__":1},"asset":{"__id__":0},"fileId":"e4rhfjUrFCxouZtzjaM9fE","_synced":{"default":false,"serializable":false}},"_lpos":{"__type__":"cc.Vec3","y":-48.24}},{"__type__":"cc.Node","_name":"r","_parent":{"__id__":4},"_components":[{"__type__":"cc.UITransformComponent","node":{"__id__":6},"_contentSize":{"__type__":"cc.Size","width":74,"height":67}},{"__type__":"cc.SpriteComponent","node":{"__id__":6},"_spriteFrame":{"__uuid__":"d66130oZlDiruB8xaYCJFE@f9941"}},{"__type__":"cc.ButtonComponent","node":{"__id__":6},"clickEvents":[{"__type__":"cc.ClickEvent","target":{"__id__":1},"_componentId":"04c64RCn19EdLPA0gqSCe/H","handler":"onReturnClicked"}],"_transition":3}],"_prefab":{"__type__":"cc.PrefabInfo","root":{"__id__":1},"asset":{"__id__":0},"fileId":"f4aM7R449NQIAkUwECXEwG","_synced":{"default":false,"serializable":false}},"_lpos":{"__type__":"cc.Vec3","x":-324.757,"y":-48.961},"_layer":33554432},{"__type__":"cc.Node","_name":"p","_parent":{"__id__":4},"_components":[{"__id__":8}],"_prefab":{"__type__":"cc.PrefabInfo","root":{"__id__":1},"asset":{"__id__":0},"fileId":"5aIAc+iu1DUIyGoVA5GZg4","_synced":{"default":false,"serializable":false}},"_lpos":{"__type__":"cc.Vec3","y":-73.281}},{"__type__":"cc.UITransformComponent","node":{"__id__":7},"_contentSize":{"__type__":"cc.Size","width":1,"height":1}},{"__type__":"cc.Node","_name":"tc","_parent":{"__id__":1},"_components":[{"__type__":"cc.UITransformComponent","_name":"topCenter<UITransformComponent>","node":{"__id__":9},"_contentSize":{"__type__":"cc.Size","width":1,"height":1}},{"__type__":"6d0553UJfJDV6fE6SrO8Rqi","_name":"topCenter<WidgetTwoCenter>","node":{"__id__":9},"topTf":{"__id__":8},"bottomTf":{"__id__":10}}],"_prefab":{"__type__":"cc.PrefabInfo","root":{"__id__":1},"asset":{"__id__":0},"fileId":"e0jx8sNXBA+IryriTyMbQR","_synced":{"default":false,"serializable":false}},"_lpos":{"__type__":"cc.Vec3","y":426.035}},{"__type__":"cc.UITransformComponent","node":{"__id__":11},"_contentSize":{"__type__":"cc.Size","width":1,"height":1}},{"__type__":"cc.Node","_name":"pt","_parent":{"__id__":12},"_components":[{"__id__":10}],"_prefab":{"__type__":"cc.PrefabInfo","root":{"__id__":1},"asset":{"__id__":0},"fileId":"751HDPxdVIGIlgz3i44aUy","_synced":{"default":false,"serializable":false}},"_lpos":{"__type__":"cc.Vec3","y":539.388}},{"__type__":"cc.Node","_name":"cgp","_parent":{"__id__":1},"_children":[{"__id__":13},{"__id__":11},{"__id__":15},{"__id__":33},{"__id__":44}],"_components":[{"__type__":"cc.UITransformComponent","_name":"centerGroup<UITransformComponent>","node":{"__id__":12},"_contentSize":{"__type__":"cc.Size"}}],"_prefab":{"__type__":"cc.PrefabInfo","root":{"__id__":1},"asset":{"__id__":0},"fileId":"252vg0uM1MF72rqN+quAZL","_synced":{"default":false,"serializable":false}}},{"__type__":"cc.Node","_name":"pb","_parent":{"__id__":12},"_components":[{"__id__":14}],"_prefab":{"__type__":"cc.PrefabInfo","root":{"__id__":1},"asset":{"__id__":0},"fileId":"5bqMELyoBA8IDND3pKJlvG","_synced":{"default":false,"serializable":false}},"_lpos":{"__type__":"cc.Vec3","y":-444.368}},{"__type__":"cc.UITransformComponent","node":{"__id__":13},"_contentSize":{"__type__":"cc.Size","width":1,"height":1}},{"__type__":"cc.Node","_name":"rg","_parent":{"__id__":12},"_children":[{"__id__":16},{"__id__":17},{"__id__":20},{"__id__":22},{"__id__":23},{"__id__":27}],"_components":[{"__type__":"cc.UITransformComponent","_name":"rankGroup<UITransformComponent>","node":{"__id__":15},"_contentSize":{"__type__":"cc.Size","width":750,"height":756.831}}],"_prefab":{"__type__":"cc.PrefabInfo","root":{"__id__":1},"asset":{"__id__":0},"fileId":"eddumGF4VMJ6A4rUuYEFkl","_synced":{"default":false,"serializable":false}},"_lpos":{"__type__":"cc.Vec3","y":149.541},"_layer":33554432},{"__type__":"cc.Node","_name":"bg","_parent":{"__id__":15},"_components":[{"__type__":"cc.UITransformComponent","node":{"__id__":16},"_contentSize":{"__type__":"cc.Size","width":750,"height":420.943}},{"__type__":"cc.SpriteComponent","node":{"__id__":16},"_color":{"__type__":"cc.Color","r":43,"g":69,"b":94},"_spriteFrame":{"__uuid__":"edNTALYtpFZ552S9f8dXoY@f9941"},"_sizeMode":0}],"_prefab":{"__type__":"cc.PrefabInfo","root":{"__id__":1},"asset":{"__id__":0},"fileId":"69skRnH4VJvY3R3Bq2+ULS","_synced":{"default":false,"serializable":false}},"_lpos":{"__type__":"cc.Vec3","y":-188.1585}},{"__type__":"cc.Node","_name":"lv","_parent":{"__id__":15},"_children":[{"__id__":18}],"_components":[{"__type__":"cc.UITransformComponent","node":{"__id__":17},"_contentSize":{"__type__":"cc.Size","width":750,"height":382.5739999999999},"_anchorPoint":{"__type__":"cc.Vec2","x":0.5,"y":1}},{"__id__":19}],"_prefab":{"__type__":"cc.PrefabInfo","root":{"__id__":1},"asset":{"__id__":0},"fileId":"5bUoLx0sNFeYuDzVR1y+V4","_synced":{"default":false,"serializable":false}},"_lpos":{"__type__":"cc.Vec3","y":18.144000000000005}},{"__type__":"cc.Node","_name":"c","_parent":{"__id__":17},"_components":[{"__type__":"cc.UITransformComponent","node":{"__id__":18},"_contentSize":{"__type__":"cc.Size","width":750,"height":390},"_anchorPoint":{"__type__":"cc.Vec2","x":0.5,"y":1}}],"_prefab":{"__type__":"cc.PrefabInfo","root":{"__id__":1},"asset":{"__id__":0},"fileId":"5cYr+A+PRPzKugaf3YlEh5","_synced":{"default":false,"serializable":false}}},{"__type__":"1a320jOAKlPKKbSgMSN9G4E","node":{"__id__":17},"horizontal":false,"_content":{"__id__":18},"itemPrefabs":[{"__uuid__":"e4NJiO6VVAh7dGlSUEJY4m"}],"spacing":8},{"__type__":"cc.Node","_name":"s","_parent":{"__id__":15},"_components":[{"__type__":"cc.UITransformComponent","_name":"score<UITransformComponent>","node":{"__id__":20},"_contentSize":{"__type__":"cc.Size","width":66.4,"height":132.3}},{"__id__":21},{"__type__":"cc.LabelOutlineComponent","_name":"score<LabelOutlineComponent>","node":{"__id__":20},"_color":{"__type__":"cc.Color"},"_width":4}],"_prefab":{"__type__":"cc.PrefabInfo","root":{"__id__":1},"asset":{"__id__":0},"fileId":"828DcHbIlHZ4mBYuDM28r3","_synced":{"default":false,"serializable":false}},"_lpos":{"__type__":"cc.Vec3","y":301.463},"_layer":33554432},{"__type__":"cc.LabelComponent","_name":"score<LabelComponent>","node":{"__id__":20},"_string":"0","_actualFontSize":105,"_fontSize":105,"_lineHeight":105,"_enableWrapText":false,"_isBold":true},{"__type__":"cc.Node","_name":"l","_parent":{"__id__":15},"_components":[{"__type__":"cc.UITransformComponent","node":{"__id__":22},"_contentSize":{"__type__":"cc.Size","width":282.864,"height":5}},{"__type__":"cc.SpriteComponent","node":{"__id__":22},"_spriteFrame":{"__uuid__":"7bjRs1bX5MyZljYlGBlWqm@f9941"},"_sizeMode":0}],"_prefab":{"__type__":"cc.PrefabInfo","root":{"__id__":1},"asset":{"__id__":0},"fileId":"69hDNOy/JDi7pbcxaU+bwc","_synced":{"default":false,"serializable":false}},"_lpos":{"__type__":"cc.Vec3","y":248.42}},{"__type__":"cc.Node","_name":"rc","_parent":{"__id__":15},"_children":[{"__id__":24},{"__id__":26}],"_components":[{"__type__":"cc.UITransformComponent","_name":"rewardcoin<UITransformComponent>","node":{"__id__":23},"_contentSize":{"__type__":"cc.Size","width":248.64000000000001,"height":60.834}},{"__type__":"cc.SpriteComponent","_name":"rewardcoin<SpriteComponent>","node":{"__id__":23},"_spriteFrame":{"__uuid__":"e8DAv2o1VJbKCtJr6UTx1Q@f9941"},"_type":1,"_sizeMode":0}],"_prefab":{"__type__":"cc.PrefabInfo","root":{"__id__":1},"asset":{"__id__":0},"fileId":"3eeT37eedIiayBnBT0nkSp","_synced":{"default":false,"serializable":false}},"_lpos":{"__type__":"cc.Vec3","y":179.976},"_layer":33554432},{"__type__":"cc.Node","_name":"c","_parent":{"__id__":23},"_components":[{"__type__":"cc.UITransformComponent","node":{"__id__":24},"_contentSize":{"__type__":"cc.Size","width":51.61,"height":50.4}},{"__id__":25},{"__type__":"cc.LabelOutlineComponent","node":{"__id__":24},"_color":{"__type__":"cc.Color"},"_width":3}],"_prefab":{"__type__":"cc.PrefabInfo","root":{"__id__":1},"asset":{"__id__":0},"fileId":"feEwSeN4dNAblVzcD0/JtU","_synced":{"default":false,"serializable":false}},"_lpos":{"__type__":"cc.Vec3","x":29.539},"_layer":33554432},{"__type__":"cc.LabelComponent","node":{"__id__":24},"_color":{"__type__":"cc.Color","r":127,"g":253,"b":86},"_string":"+1","_actualFontSize":40,"_enableWrapText":false,"_isBold":true},{"__type__":"cc.Node","_name":"i","_parent":{"__id__":23},"_components":[{"__type__":"cc.UITransformComponent","node":{"__id__":26},"_contentSize":{"__type__":"cc.Size","width":75,"height":64}},{"__type__":"cc.SpriteComponent","node":{"__id__":26},"_spriteFrame":{"__uuid__":"6f2kkmyAhIurxaY7UZhoOt@f9941"}}],"_prefab":{"__type__":"cc.PrefabInfo","root":{"__id__":1},"asset":{"__id__":0},"fileId":"a5JdPrreNB17OMk+Dcatgf","_synced":{"default":false,"serializable":false}},"_lpos":{"__type__":"cc.Vec3","x":-69.677},"_lscale":{"__type__":"cc.Vec3","x":0.8,"y":0.8,"z":1},"_layer":33554432},{"__type__":"cc.Node","_name":"ax2","_parent":{"__id__":15},"_children":[{"__id__":28}],"_components":[{"__type__":"cc.UITransformComponent","node":{"__id__":27},"_contentSize":{"__type__":"cc.Size","width":1,"height":1}}],"_prefab":{"__type__":"cc.PrefabInfo","root":{"__id__":1},"asset":{"__id__":0},"fileId":"48TceIntVH7bOga7mSsAdb","_synced":{"default":false,"serializable":false}},"_lpos":{"__type__":"cc.Vec3","y":85.494}},{"__type__":"cc.Node","_name":"ax2","_parent":{"__id__":27},"_children":[{"__id__":29},{"__id__":31}],"_components":[{"__type__":"cc.UITransformComponent","_name":"adx2Btn<UITransformComponent>","node":{"__id__":28},"_contentSize":{"__type__":"cc.Size","width":298,"height":115}},{"__type__":"cc.SpriteComponent","_name":"adx2Btn<SpriteComponent>","node":{"__id__":28},"_spriteFrame":{"__uuid__":"78/toQmzVHFpLeUoM9x9zh@f9941"},"_sizeMode":2},{"__id__":32},{"__type__":"b9529yE3w1KxLeWvJjh3ic+","_name":"adx2Btn<AutoGrayTheButton>","node":{"__id__":28}}],"_prefab":{"__type__":"cc.PrefabInfo","root":{"__id__":1},"asset":{"__id__":0},"fileId":"d7EykdNnhK34JMNYzl988J","_synced":{"default":false,"serializable":false}},"_lpos":{"__type__":"cc.Vec3","x":1.76400000000001,"y":-1.9190000000000964},"_layer":33554432},{"__type__":"cc.Node","_name":"x2","_parent":{"__id__":28},"_components":[{"__type__":"cc.UITransformComponent","node":{"__id__":29},"_contentSize":{"__type__":"cc.Size","width":48.93,"height":50.4}},{"__id__":30}],"_prefab":{"__type__":"cc.PrefabInfo","root":{"__id__":1},"asset":{"__id__":0},"fileId":"f0ExXHL81LAr5Q3NF3CxuA","_synced":{"default":false,"serializable":false}},"_lpos":{"__type__":"cc.Vec3","x":-3.896},"_layer":33554432},{"__type__":"cc.LabelComponent","node":{"__id__":29},"_color":{"__type__":"cc.Color","r":135,"g":89,"b":75},"_string":"X2","_actualFontSize":40,"_enableWrapText":false,"_isBold":true},{"__type__":"cc.Node","_name":"i","_parent":{"__id__":28},"_components":[{"__type__":"cc.UITransformComponent","node":{"__id__":31},"_contentSize":{"__type__":"cc.Size","width":75,"height":64}},{"__type__":"cc.SpriteComponent","node":{"__id__":31},"_spriteFrame":{"__uuid__":"6f2kkmyAhIurxaY7UZhoOt@f9941"}}],"_prefab":{"__type__":"cc.PrefabInfo","root":{"__id__":1},"asset":{"__id__":0},"fileId":"e2Db48ZIhK5ox/LfiYZY/1","_synced":{"default":false,"serializable":false}},"_lpos":{"__type__":"cc.Vec3","x":73.802},"_lscale":{"__type__":"cc.Vec3","x":0.8,"y":0.8,"z":1},"_layer":33554432},{"__type__":"cc.ButtonComponent","_name":"adx2Btn<ButtonComponent>","node":{"__id__":28},"clickEvents":[{"__type__":"cc.ClickEvent","target":{"__id__":1},"_componentId":"04c64RCn19EdLPA0gqSCe/H","handler":"onAdX2Clicked"}],"_transition":3,"_target":{"__id__":28}},{"__type__":"cc.Node","_name":"ab","_parent":{"__id__":12},"_children":[{"__id__":34},{"__id__":37}],"_components":[{"__type__":"cc.UITransformComponent","node":{"__id__":33},"_contentSize":{"__type__":"cc.Size","width":750,"height":221}},{"__id__":42},{"__id__":43}],"_prefab":{"__type__":"cc.PrefabInfo","root":{"__id__":1},"asset":{"__id__":0},"fileId":"036lQruXJBKKqvi3zHV6sk","_synced":{"default":false,"serializable":false}},"_lpos":{"__type__":"cc.Vec3","y":-336.215}},{"__type__":"cc.Node","_name":"ab","_parent":{"__id__":33},"_components":[{"__type__":"cc.UITransformComponent","node":{"__id__":34},"_contentSize":{"__type__":"cc.Size","width":298,"height":115}},{"__id__":35},{"__id__":36},{"__type__":"b9529yE3w1KxLeWvJjh3ic+","node":{"__id__":34}}],"_prefab":{"__type__":"cc.PrefabInfo","root":{"__id__":1},"asset":{"__id__":0},"fileId":"48ud45zjJDw716nN0rnn8N","_synced":{"default":false,"serializable":false}},"_lpos":{"__type__":"cc.Vec3","x":-192.717,"y":-3.143}},{"__type__":"cc.SpriteComponent","node":{"__id__":34},"_spriteFrame":{"__uuid__":"51DEZzor5L3J+pWPnzC3SV@f9941"}},{"__type__":"cc.ButtonComponent","node":{"__id__":34},"clickEvents":[{"__type__":"cc.ClickEvent","target":{"__id__":33},"_componentId":"0bfd466IBhAKqb2FW3ddNmV","handler":"onGiftAd"}],"_transition":3},{"__type__":"cc.Node","_name":"pb","_parent":{"__id__":33},"_children":[{"__id__":38}],"_components":[{"__type__":"cc.UITransformComponent","node":{"__id__":37},"_contentSize":{"__type__":"cc.Size","width":287,"height":113}},{"__id__":40},{"__id__":41},{"__type__":"b9529yE3w1KxLeWvJjh3ic+","node":{"__id__":37}}],"_prefab":{"__type__":"cc.PrefabInfo","root":{"__id__":1},"asset":{"__id__":0},"fileId":"89qa+YAVVLfZSQBP91HFSp","_synced":{"default":false,"serializable":false}},"_lpos":{"__type__":"cc.Vec3","x":-192.717,"y":-3.143}},{"__type__":"cc.Node","_name":"p","_parent":{"__id__":37},"_components":[{"__type__":"cc.UITransformComponent","_name":"score<UITransformComponent>","node":{"__id__":38},"_contentSize":{"__type__":"cc.Size","width":93.59,"height":44.1}},{"__id__":39},{"__type__":"cc.LabelOutlineComponent","_name":"score<LabelOutlineComponent>","node":{"__id__":38},"_color":{"__type__":"cc.Color","r":27,"g":113,"b":157},"_width":3}],"_prefab":{"__type__":"cc.PrefabInfo","root":{"__id__":1},"asset":{"__id__":0},"fileId":"427kt8WnpAw6v+TL4UUvl5","_synced":{"default":false,"serializable":false}},"_layer":33554432},{"__type__":"cc.LabelComponent","_name":"score<LabelComponent>","node":{"__id__":38},"_string":"$4.99","_actualFontSize":35,"_fontSize":35,"_lineHeight":35,"_isBold":true},{"__type__":"cc.SpriteComponent","node":{"__id__":37}},{"__type__":"cc.ButtonComponent","node":{"__id__":37},"clickEvents":[{"__type__":"cc.ClickEvent","target":{"__id__":33},"_componentId":"0bfd466IBhAKqb2FW3ddNmV","handler":"onGiftPay"}],"_transition":3},{"__type__":"cc.SpriteComponent","node":{"__id__":33},"_spriteFrame":{"__uuid__":"5b/m3M1cNGG6jrs2IPhs/J@f9941"},"_sizeMode":2},{"__type__":"0bfd466IBhAKqb2FW3ddNmV","node":{"__id__":33},"giftAdBtn":{"__id__":36},"giftPayBtn":{"__id__":41},"giftSp":{"__id__":42},"priceLabel":{"__id__":39},"adGiftNode":{"__id__":34},"payGiftNode":{"__id__":37},"adBtnSp":{"__id__":35},"payBtnSp":{"__id__":40}},{"__type__":"cc.Node","_name":"jg","_parent":{"__id__":12},"_components":[{"__type__":"cc.UITransformComponent","node":{"__id__":44},"_contentSize":{"__type__":"cc.Size","width":160,"height":205}},{"__id__":45},{"__type__":"1d59cB8IedLBrK2wspVZOxT","node":{"__id__":44},"img":{"__id__":45}},{"__type__":"cc.ButtonComponent","node":{"__id__":44},"_transition":3}],"_prefab":{"__type__":"cc.PrefabInfo","root":{"__id__":1},"asset":{"__id__":0},"fileId":"aeHQtfmopNC7j/tvCVw1Pg","_synced":{"default":false,"serializable":false}},"_lpos":{"__type__":"cc.Vec3","x":273.8705,"y":297.079},"_layer":33554432},{"__type__":"cc.SpriteComponent","node":{"__id__":44},"_sizeMode":0},{"__type__":"cc.Node","_name":"bg","_parent":{"__id__":1},"_components":[{"__id__":47},{"__type__":"cc.WidgetComponent","_name":"bottomGroup<WidgetComponent>","node":{"__id__":46},"_alignFlags":4,"_top":1334}],"_prefab":{"__type__":"cc.PrefabInfo","root":{"__id__":1},"asset":{"__id__":0},"fileId":"19hgM9fkFHzJzluo8QGeIE","_synced":{"default":false,"serializable":false}},"_lpos":{"__type__":"cc.Vec3","y":-667}},{"__type__":"cc.UITransformComponent","_name":"bottomGroup<UITransformComponent>","node":{"__id__":46},"_contentSize":{"__type__":"cc.Size"}},{"__type__":"cc.Node","_name":"bc","_parent":{"__id__":1},"_children":[{"__id__":49},{"__id__":51},{"__id__":54},{"__id__":56},{"__id__":57}],"_components":[{"__type__":"cc.UITransformComponent","node":{"__id__":48},"_contentSize":{"__type__":"cc.Size","width":1,"height":1}},{"__type__":"6d0553UJfJDV6fE6SrO8Rqi","node":{"__id__":48},"topTf":{"__id__":14},"bottomTf":{"__id__":47}}],"_prefab":{"__type__":"cc.PrefabInfo","root":{"__id__":1},"asset":{"__id__":0},"fileId":"41R20lxjpKpaC0YSRShpxF","_synced":{"default":false,"serializable":false}},"_lpos":{"__type__":"cc.Vec3","y":-540.067}},{"__type__":"cc.Node","_name":"sj","_parent":{"__id__":48},"_children":[{"__id__":50}],"_components":[{"__type__":"cc.UITransformComponent","_name":"zhuanpanBtn<UITransformComponent>","node":{"__id__":49},"_contentSize":{"__type__":"cc.Size","width":130,"height":130}},{"__type__":"cc.SpriteComponent","_name":"zhuanpanBtn<SpriteComponent>","node":{"__id__":49},"_spriteFrame":{"__uuid__":"77GtZOuGBCYKcJDbA+U66n@f9941"},"_sizeMode":0},{"__type__":"cc.ButtonComponent","_name":"zhuanpanBtn<ButtonComponent>","node":{"__id__":49},"clickEvents":[{"__type__":"cc.ClickEvent","target":{"__id__":1},"_componentId":"04c64RCn19EdLPA0gqSCe/H","handler":"onShengjiClick"}],"_transition":3}],"_prefab":{"__type__":"cc.PrefabInfo","root":{"__id__":1},"asset":{"__id__":0},"fileId":"37ub/IbuFG/qQtjMS5gkTU","_synced":{"default":false,"serializable":false}},"_lpos":{"__type__":"cc.Vec3","x":-256,"y":-3.1369999999999436},"_layer":33554432},{"__type__":"cc.Node","_name":"r","_parent":{"__id__":49},"_components":[{"__type__":"cc.UITransformComponent","node":{"__id__":50},"_contentSize":{"__type__":"cc.Size","width":43,"height":43}},{"__type__":"cc.SpriteComponent","node":{"__id__":50},"_spriteFrame":{"__uuid__":"8cjqT6CAhMu7wICZup5L0Z@f9941"}},{"__type__":"a2b6f9VNdZPsKbyDlkjiJO7","node":{"__id__":50}}],"_prefab":{"__type__":"cc.PrefabInfo","root":{"__id__":1},"asset":{"__id__":0},"fileId":"f4N0qrFoVFh7myXj8/DVX5","_synced":{"default":false,"serializable":false}},"_lpos":{"__type__":"cc.Vec3","x":54.25,"y":37.762}},{"__type__":"cc.Node","_name":"pl","_parent":{"__id__":48},"_children":[{"__id__":52},{"__id__":53}],"_components":[{"__type__":"cc.UITransformComponent","node":{"__id__":51},"_contentSize":{"__type__":"cc.Size","width":1,"height":1}}],"_prefab":{"__type__":"cc.PrefabInfo","root":{"__id__":1},"asset":{"__id__":0},"fileId":"d2Xqk0RBtP95zV3JLJ6MDa","_synced":{"default":false,"serializable":false}}},{"__type__":"cc.Node","_name":"p","_parent":{"__id__":51},"_components":[{"__type__":"cc.UITransformComponent","_name":"playbtn<UITransformComponent>","node":{"__id__":52},"_contentSize":{"__type__":"cc.Size","width":321,"height":166}},{"__type__":"cc.SpriteComponent","_name":"playbtn<SpriteComponent>","node":{"__id__":52},"_spriteFrame":{"__uuid__":"b2a89wDqpNbYk/Ib+2iaBt@f9941"},"_sizeMode":2},{"__type__":"cc.ButtonComponent","_name":"playbtn<ButtonComponent>","node":{"__id__":52},"clickEvents":[{"__type__":"cc.ClickEvent","target":{"__id__":1},"_componentId":"04c64RCn19EdLPA0gqSCe/H","handler":"onRestartClicked"}],"_transition":3}],"_prefab":{"__type__":"cc.PrefabInfo","root":{"__id__":1},"asset":{"__id__":0},"fileId":"9cRY6aGQxN4qF2IYAbEo1j","_synced":{"default":false,"serializable":false}},"_lpos":{"__type__":"cc.Vec3","y":-3.1369999999999436},"_layer":33554432},{"__type__":"cc.Node","_name":"c","_parent":{"__id__":51},"_components":[{"__type__":"cc.UITransformComponent","_name":"playbtn<UITransformComponent>","node":{"__id__":53},"_contentSize":{"__type__":"cc.Size","width":270,"height":106}},{"__type__":"cc.SpriteComponent","_name":"playbtn<SpriteComponent>","node":{"__id__":53},"_spriteFrame":{"__uuid__":"59ji/ef1RKUZ/8rj4km3eM@f9941"},"_sizeMode":2},{"__type__":"cc.ButtonComponent","_name":"playbtn<ButtonComponent>","node":{"__id__":53},"clickEvents":[{"__type__":"cc.ClickEvent","target":{"__id__":1},"_componentId":"04c64RCn19EdLPA0gqSCe/H","handler":"onRestartClicked"}],"_transition":3}],"_prefab":{"__type__":"cc.PrefabInfo","root":{"__id__":1},"asset":{"__id__":0},"fileId":"3dLpA9wdFHLLJqH13dpdZw","_synced":{"default":false,"serializable":false}},"_lpos":{"__type__":"cc.Vec3","y":-3.1369999999999436},"_layer":33554432},{"__type__":"cc.Node","_name":"tb","_parent":{"__id__":48},"_children":[{"__id__":55}],"_components":[{"__type__":"cc.UITransformComponent","_name":"taskBtn<UITransformComponent>","node":{"__id__":54},"_contentSize":{"__type__":"cc.Size","width":130,"height":130}},{"__type__":"cc.SpriteComponent","_name":"taskBtn<SpriteComponent>","node":{"__id__":54},"_spriteFrame":{"__uuid__":"ca6/3Ul21ECpBr/bHfwiSz@f9941"},"_sizeMode":0},{"__type__":"cc.ButtonComponent","_name":"taskBtn<ButtonComponent>","node":{"__id__":54},"clickEvents":[{"__type__":"cc.ClickEvent","target":{"__id__":1},"_componentId":"04c64RCn19EdLPA0gqSCe/H","handler":"onTaskClick"}],"_transition":3}],"_prefab":{"__type__":"cc.PrefabInfo","root":{"__id__":1},"asset":{"__id__":0},"fileId":"6eeBhdr35AubRSs/UEZQop","_synced":{"default":false,"serializable":false}},"_lpos":{"__type__":"cc.Vec3","x":256,"y":-3.1369999999999436},"_layer":33554432},{"__type__":"cc.Node","_name":"r","_parent":{"__id__":54},"_components":[{"__type__":"cc.UITransformComponent","node":{"__id__":55},"_contentSize":{"__type__":"cc.Size","width":43,"height":43}},{"__type__":"cc.SpriteComponent","node":{"__id__":55},"_spriteFrame":{"__uuid__":"8cjqT6CAhMu7wICZup5L0Z@f9941"}},{"__type__":"232bfnWME1JHrWH7Gzr9JFj","node":{"__id__":55}}],"_prefab":{"__type__":"cc.PrefabInfo","root":{"__id__":1},"asset":{"__id__":0},"fileId":"5fdrIwxpVPjb69OebGqw74","_synced":{"default":false,"serializable":false}},"_lpos":{"__type__":"cc.Vec3","x":54.72,"y":37.978}},{"__type__":"cc.Node","_name":"sb","_parent":{"__id__":48},"_components":[{"__type__":"cc.UITransformComponent","_name":"taskBtn<UITransformComponent>","node":{"__id__":56},"_contentSize":{"__type__":"cc.Size","width":152,"height":135}},{"__type__":"cc.SpriteComponent","_name":"taskBtn<SpriteComponent>","node":{"__id__":56},"_spriteFrame":{"__uuid__":"c0cO6D8HdMfoa0fvEULDl+@f9941"},"_sizeMode":2},{"__type__":"cc.ButtonComponent","_name":"taskBtn<ButtonComponent>","node":{"__id__":56},"clickEvents":[{"__type__":"cc.ClickEvent","target":{"__id__":1},"_componentId":"04c64RCn19EdLPA0gqSCe/H","handler":"onShopClick"}],"_transition":3}],"_prefab":{"__type__":"cc.PrefabInfo","root":{"__id__":1},"asset":{"__id__":0},"fileId":"5c/RC6sH9M2Y16dP7zahDs","_synced":{"default":false,"serializable":false}},"_lpos":{"__type__":"cc.Vec3","x":256,"y":-3.1369999999999436},"_layer":33554432},{"__type__":"cc.Node","_name":"tb","_parent":{"__id__":48},"_components":[{"__type__":"cc.UITransformComponent","_name":"taskBtn<UITransformComponent>","node":{"__id__":57},"_contentSize":{"__type__":"cc.Size","width":139,"height":139}},{"__type__":"cc.SpriteComponent","_name":"taskBtn<SpriteComponent>","node":{"__id__":57},"_spriteFrame":{"__uuid__":"87Jx7tNzlPe6LB6RQ7pP/+@f9941"},"_sizeMode":2},{"__type__":"cc.ButtonComponent","_name":"taskBtn<ButtonComponent>","node":{"__id__":57},"clickEvents":[{"__type__":"cc.ClickEvent","target":{"__id__":1},"_componentId":"04c64RCn19EdLPA0gqSCe/H","handler":"onTournamentClick"}],"_transition":3}],"_prefab":{"__type__":"cc.PrefabInfo","root":{"__id__":1},"asset":{"__id__":0},"fileId":"5c/RC6sH9M2Y16dP7zahDs","_synced":{"default":false,"serializable":false}},"_lpos":{"__type__":"cc.Vec3","x":256,"y":-3.1369999999999436},"_layer":33554432}],{"__type__":"cc.SpriteFrame","content":{"name":"rewardbtn","rect":{"x":0,"y":0,"width":298,"height":115},"offset":{"x":0,"y":0},"originalSize":{"width":298,"height":115},"rotated":false,"capInsets":[0,0,0,0],"texture":"51DEZzor5L3J+pWPnzC3SV@6c48a"}}]
