[{"__type__":"cc.Mesh","_native":".bin","_struct":{"primitives":[{"primitiveMode":7,"vertexBundelIndices":[0],"indexView":{"offset":11580,"length":1626,"count":813,"stride":2}}],"vertexBundles":[{"view":{"offset":0,"length":11580,"count":579,"stride":20},"attributes":[{"name":"a_position","format":32,"isNormalized":false},{"name":"a_texCoord","format":21,"isNormalized":false}]}],"minPosition":{"__type__":"cc.Vec3","x":-8.201125144958496,"y":-8.372151374816895,"z":-0.15174010396003723},"maxPosition":{"__type__":"cc.Vec3","x":8.90941047668457,"y":8.372151374816895,"z":33.01192855834961}},"_dataLength":13206,"_hash":3551825497},{"__type__":"cc.Mesh","_native":".bin","_struct":{"primitives":[{"primitiveMode":7,"vertexBundelIndices":[0],"indexView":{"offset":14500,"length":1566,"count":783,"stride":2}}],"vertexBundles":[{"view":{"offset":0,"length":14500,"count":725,"stride":20},"attributes":[{"name":"a_position","format":32,"isNormalized":false},{"name":"a_texCoord","format":21,"isNormalized":false}]}],"minPosition":{"__type__":"cc.Vec3","x":-10.432662963867188,"y":-8.580629348754883,"z":-0.015252075158059597},"maxPosition":{"__type__":"cc.Vec3","x":7.124598026275635,"y":8.580625534057617,"z":31.233652114868164}},"_dataLength":16066,"_hash":1460394548},[{"__type__":"cc.Prefab","data":{"__id__":1}},{"__type__":"cc.Node","_name":"road_city","_children":[{"__id__":2},{"__id__":3},{"__id__":4},{"__id__":13},{"__id__":14},{"__id__":15},{"__id__":16}],"_components":[{"__type__":"92ec5dpDHNBm7eOo93MOjna","node":{"__id__":1},"coinsNode":{"__id__":13},"itemsNode":{"__id__":14},"blocksNode":{"__id__":15},"lightNode":{"__id__":16}}],"_prefab":{"__type__":"cc.PrefabInfo","root":{"__id__":1},"asset":{"__id__":0},"fileId":"c1gambebdAlpiU2Lr7rPqD","_synced":{"default":false,"serializable":false}}},{"__type__":"cc.Node","_name":"road","_parent":{"__id__":1},"_components":[{"__type__":"cc.ModelComponent","node":{"__id__":2},"_materials":[{"__uuid__":"3d5m6q/VlBlZgsozpzNrnf"}],"lightmapSettings":{"__type__":"cc.ModelLightmapSettings"},"_mesh":{"__uuid__":"c6aE5nurFAZoO07LH5qF4e@d0fdf"}}],"_prefab":{"__type__":"cc.PrefabInfo","root":{"__id__":1},"asset":{"__id__":0},"fileId":"54PRAEyVpPf76WuEMPrfh7","_synced":{"default":false,"serializable":false}},"_lpos":{"__type__":"cc.Vec3","y":-2.59081184071196e-14,"z":-90},"_lrot":{"__type__":"cc.Quat","x":-0.7071067811865476,"w":0.7071067811865475},"_lscale":{"__type__":"cc.Vec3","x":50.799999237060604,"y":50.79999923706061,"z":50.79999923706061},"_euler":{"__type__":"cc.Vec3","x":-90.00000000000003}},{"__type__":"cc.Node","_name":"raod","_parent":{"__id__":1},"_components":[{"__type__":"cc.ModelComponent","node":{"__id__":3},"_materials":[{"__uuid__":"3d5m6q/VlBlZgsozpzNrnf"}],"lightmapSettings":{"__type__":"cc.ModelLightmapSettings"},"_mesh":{"__uuid__":"c6aE5nurFAZoO07LH5qF4e@d0fdf"}}],"_prefab":{"__type__":"cc.PrefabInfo","root":{"__id__":1},"asset":{"__id__":0},"fileId":"f4eEQyoDhCpbmEAYiYKptQ","_synced":{"default":false,"serializable":false}},"_lpos":{"__type__":"cc.Vec3","y":-2.59081184071196e-14,"z":-270},"_lrot":{"__type__":"cc.Quat","x":-0.7071067811865476,"w":0.7071067811865475},"_lscale":{"__type__":"cc.Vec3","x":50.799999237060604,"y":50.79999923706061,"z":50.79999923706061},"_euler":{"__type__":"cc.Vec3","x":-90.00000000000003}},{"__type__":"cc.Node","_name":"envNode","_parent":{"__id__":1},"_children":[{"__id__":5},{"__id__":6},{"__id__":7},{"__id__":8},{"__id__":9},{"__id__":10},{"__id__":11},{"__id__":12}],"_prefab":{"__type__":"cc.PrefabInfo","root":{"__id__":1},"asset":{"__id__":0},"fileId":"4aJeLxGQdKt6/e9HkHbABp","_synced":{"default":false,"serializable":false}}},{"__type__":"cc.Node","_name":"lt","_parent":{"__id__":4},"_components":[{"__type__":"cc.ModelComponent","node":{"__id__":5},"_materials":[{"__uuid__":"3d5m6q/VlBlZgsozpzNrnf"}],"lightmapSettings":{"__type__":"cc.ModelLightmapSettings"},"_mesh":{"__uuid__":"e7M2Nn4ztLlYtNMMsrJ1re@46540"}}],"_prefab":{"__type__":"cc.PrefabInfo","root":{"__id__":1},"asset":{"__id__":0},"fileId":"c0R7J8luxF2KHAWL7pSIWj","_synced":{"default":false,"serializable":false}},"_lpos":{"__type__":"cc.Vec3","x":-60,"z":-270},"_lrot":{"__type__":"cc.Quat","x":-4.3297802811774664e-17,"y":0.7071067811865476,"z":0.7071067811865475,"w":4.329780281177467e-17},"_lscale":{"__type__":"cc.Vec3","x":50.799999237060604,"y":50.799999237060604,"z":50.799999237060604},"_euler":{"__type__":"cc.Vec3","x":-89.99999999999999,"y":180}},{"__type__":"cc.Node","_name":"lb","_parent":{"__id__":4},"_components":[{"__type__":"cc.ModelComponent","node":{"__id__":6},"_materials":[{"__uuid__":"3d5m6q/VlBlZgsozpzNrnf"}],"lightmapSettings":{"__type__":"cc.ModelLightmapSettings"},"_mesh":{"__uuid__":"e7M2Nn4ztLlYtNMMsrJ1re@46540"}}],"_prefab":{"__type__":"cc.PrefabInfo","root":{"__id__":1},"asset":{"__id__":0},"fileId":"caI08bmNJEXaWGIVM9CMhc","_synced":{"default":false,"serializable":false}},"_lpos":{"__type__":"cc.Vec3","x":-60,"z":-90},"_lrot":{"__type__":"cc.Quat","x":-4.3297802811774664e-17,"y":0.7071067811865476,"z":0.7071067811865475,"w":4.329780281177467e-17},"_lscale":{"__type__":"cc.Vec3","x":50.799999237060604,"y":50.799999237060604,"z":50.799999237060604},"_euler":{"__type__":"cc.Vec3","x":-89.99999999999999,"y":180}},{"__type__":"cc.Node","_name":"rt","_parent":{"__id__":4},"_components":[{"__type__":"cc.ModelComponent","node":{"__id__":7},"_materials":[{"__uuid__":"3d5m6q/VlBlZgsozpzNrnf"}],"lightmapSettings":{"__type__":"cc.ModelLightmapSettings"},"_mesh":{"__uuid__":"e7M2Nn4ztLlYtNMMsrJ1re@46540"}}],"_prefab":{"__type__":"cc.PrefabInfo","root":{"__id__":1},"asset":{"__id__":0},"fileId":"9fZW5eYcNMbr3fFiufK98m","_synced":{"default":false,"serializable":false}},"_lpos":{"__type__":"cc.Vec3","x":60,"z":-270},"_lrot":{"__type__":"cc.Quat","x":-0.7071067811865475,"w":0.7071067811865476},"_lscale":{"__type__":"cc.Vec3","x":50.799999237060604,"y":50.799999237060604,"z":50.799999237060604},"_euler":{"__type__":"cc.Vec3","x":-89.99999999999999}},{"__type__":"cc.Node","_name":"rb","_parent":{"__id__":4},"_components":[{"__type__":"cc.ModelComponent","node":{"__id__":8},"_materials":[{"__uuid__":"3d5m6q/VlBlZgsozpzNrnf"}],"lightmapSettings":{"__type__":"cc.ModelLightmapSettings"},"_mesh":{"__uuid__":"e7M2Nn4ztLlYtNMMsrJ1re@46540"}}],"_prefab":{"__type__":"cc.PrefabInfo","root":{"__id__":1},"asset":{"__id__":0},"fileId":"6eAFPpLmlOuopLcF/ediTS","_synced":{"default":false,"serializable":false}},"_lpos":{"__type__":"cc.Vec3","x":60,"z":-90},"_lrot":{"__type__":"cc.Quat","x":-0.7071067811865475,"w":0.7071067811865476},"_lscale":{"__type__":"cc.Vec3","x":50.799999237060604,"y":50.799999237060604,"z":50.799999237060604},"_euler":{"__type__":"cc.Vec3","x":-89.99999999999999}},{"__type__":"cc.Node","_name":"lbf","_parent":{"__id__":4},"_components":[{"__type__":"cc.ModelComponent","node":{"__id__":9},"_materials":[{"__uuid__":"3d5m6q/VlBlZgsozpzNrnf"}],"lightmapSettings":{"__type__":"cc.ModelLightmapSettings"},"_mesh":{"__uuid__":"5flu45pDFOh433MxKDEvcn@c1d6a"}}],"_prefab":{"__type__":"cc.PrefabInfo","root":{"__id__":1},"asset":{"__id__":0},"fileId":"56fCrMkUFPfp3czqMG3Y7Z","_synced":{"default":false,"serializable":false}},"_lpos":{"__type__":"cc.Vec3","x":-63.684,"y":-1.9,"z":-62.011},"_lrot":{"__type__":"cc.Quat","x":-0.5000000000000001,"y":0.4999999999999999,"z":0.5,"w":0.5},"_lscale":{"__type__":"cc.Vec3","x":2.53999996185303,"y":2.5399999618530305,"z":2.5399999618530305},"_euler":{"__type__":"cc.Vec3","x":-90.00000000000003,"y":89.99999999999999}},{"__type__":"cc.Node","_name":"rbf","_parent":{"__id__":4},"_components":[{"__type__":"cc.ModelComponent","node":{"__id__":10},"_materials":[{"__uuid__":"3d5m6q/VlBlZgsozpzNrnf"}],"lightmapSettings":{"__type__":"cc.ModelLightmapSettings"},"_mesh":{"__uuid__":"56T3GXL2NB55cS3p6Ku/0C@5b81c"}}],"_prefab":{"__type__":"cc.PrefabInfo","root":{"__id__":1},"asset":{"__id__":0},"fileId":"bfrSLdqshPAKr/ONdioCbV","_synced":{"default":false,"serializable":false}},"_lpos":{"__type__":"cc.Vec3","x":69.753,"y":-1.9,"z":-82.424},"_lrot":{"__type__":"cc.Quat","x":-0.7071067811865476,"w":0.7071067811865475},"_lscale":{"__type__":"cc.Vec3","x":2.53999996185303,"y":2.5399999618530305,"z":2.5399999618530305},"_euler":{"__type__":"cc.Vec3","x":-90.00000000000003}},{"__type__":"cc.Node","_name":"rtf","_parent":{"__id__":4},"_components":[{"__type__":"cc.ModelComponent","node":{"__id__":11},"_materials":[{"__uuid__":"3d5m6q/VlBlZgsozpzNrnf"}],"lightmapSettings":{"__type__":"cc.ModelLightmapSettings"},"_mesh":{"__uuid__":"72IDZU1BdDxpWsCH2r219r@69dee"}}],"_prefab":{"__type__":"cc.PrefabInfo","root":{"__id__":1},"asset":{"__id__":0},"fileId":"52HPVtZ9xP6q2Cvgs+hJPe","_synced":{"default":false,"serializable":false}},"_lpos":{"__type__":"cc.Vec3","x":78.586,"y":-1.8,"z":-268.382},"_lrot":{"__type__":"cc.Quat","x":-0.7071067811865476,"w":0.7071067811865475},"_lscale":{"__type__":"cc.Vec3","x":2.53999996185303,"y":2.5399999618530305,"z":2.5399999618530305},"_euler":{"__type__":"cc.Vec3","x":-90.00000000000003}},{"__type__":"cc.Node","_name":"ltf","_parent":{"__id__":4},"_components":[{"__type__":"cc.ModelComponent","node":{"__id__":12},"_materials":[{"__uuid__":"3d5m6q/VlBlZgsozpzNrnf"}],"lightmapSettings":{"__type__":"cc.ModelLightmapSettings"},"_mesh":{"__uuid__":"56T3GXL2NB55cS3p6Ku/0C@5b81c"}}],"_prefab":{"__type__":"cc.PrefabInfo","root":{"__id__":1},"asset":{"__id__":0},"fileId":"96pCCYj5tJFJgJq4MIvnOQ","_synced":{"default":false,"serializable":false}},"_lpos":{"__type__":"cc.Vec3","x":-64.555,"y":-1.9,"z":-251.727},"_lrot":{"__type__":"cc.Quat","x":-0.5000000000000001,"y":0.4999999999999999,"z":0.5,"w":0.5},"_lscale":{"__type__":"cc.Vec3","x":2.53999996185303,"y":2.5399999618530305,"z":2.5399999618530305},"_euler":{"__type__":"cc.Vec3","x":-90.00000000000003,"y":89.99999999999999}},{"__type__":"cc.Node","_name":"coinsNode","_parent":{"__id__":1},"_prefab":{"__type__":"cc.PrefabInfo","root":{"__id__":1},"asset":{"__id__":0},"fileId":"60c9tHAlZBcZ+XzOW1HfJg","_synced":{"default":false,"serializable":false}}},{"__type__":"cc.Node","_name":"itemsNode","_parent":{"__id__":1},"_prefab":{"__type__":"cc.PrefabInfo","root":{"__id__":1},"asset":{"__id__":0},"fileId":"12xJ0tGZFPaqFgdsegW8tm","_synced":{"default":false,"serializable":false}}},{"__type__":"cc.Node","_name":"blocksNode","_parent":{"__id__":1},"_prefab":{"__type__":"cc.PrefabInfo","root":{"__id__":1},"asset":{"__id__":0},"fileId":"77wnYeJZFO2LDMqNRNwx9y","_synced":{"default":false,"serializable":false}}},{"__type__":"cc.Node","_name":"lightNode","_parent":{"__id__":1},"_children":[{"__id__":17},{"__id__":18}],"_prefab":{"__type__":"cc.PrefabInfo","root":{"__id__":1},"asset":{"__id__":0},"fileId":"eflHZCkdNKgq+snKeduaw5","_synced":{"default":false,"serializable":false}}},{"__type__":"cc.Node","_name":"r","_parent":{"__id__":16},"_components":[{"__type__":"cc.ModelComponent","node":{"__id__":17},"_materials":[{"__uuid__":"3d5m6q/VlBlZgsozpzNrnf"}],"lightmapSettings":{"__type__":"cc.ModelLightmapSettings"},"_mesh":{"__uuid__":"c5S8+UGp5EWbcbuigIURNf@b0587"}}],"_prefab":{"__type__":"cc.PrefabInfo","root":{"__id__":1},"asset":{"__id__":0},"fileId":"85K37AttFF3a/lC6ihEEs9","_synced":{"default":false,"serializable":false}},"_lpos":{"__type__":"cc.Vec3","x":41.622,"y":7.009,"z":-152.544},"_lrot":{"__type__":"cc.Quat","x":5.760116393630647e-8,"y":-0.7071067811865452,"z":5.760116038359273e-8,"w":0.7071067811865451},"_lscale":{"__type__":"cc.Vec3","x":35.71184158325201,"y":35.7118492126465,"z":35.71185684204101},"_euler":{"__type__":"cc.Vec3","x":0.000009334667901998518,"y":-90.00000000000003,"z":-2.8787095393882163e-13}},{"__type__":"cc.Node","_name":"l","_parent":{"__id__":16},"_components":[{"__type__":"cc.ModelComponent","node":{"__id__":18},"_materials":[{"__uuid__":"3d5m6q/VlBlZgsozpzNrnf"}],"lightmapSettings":{"__type__":"cc.ModelLightmapSettings"},"_mesh":{"__uuid__":"c5S8+UGp5EWbcbuigIURNf@b0587"}}],"_prefab":{"__type__":"cc.PrefabInfo","root":{"__id__":1},"asset":{"__id__":0},"fileId":"f5rHBdZAVM/qcGNPmj1PZA","_synced":{"default":false,"serializable":false}},"_lpos":{"__type__":"cc.Vec3","x":-39.493,"y":7.009,"z":-152.544},"_lrot":{"__type__":"cc.Quat","x":5.760116038359271e-8,"y":0.7071067811865451,"z":-5.760116393630647e-8,"w":0.7071067811865452},"_lscale":{"__type__":"cc.Vec3","x":35.71184158325201,"y":35.7118492126465,"z":35.71185684204101},"_euler":{"__type__":"cc.Vec3","x":0.000009334667901998516,"y":90,"z":-2.8787095545542826e-13}}],{"__type__":"cc.Mesh","_native":".bin","_struct":{"primitives":[{"primitiveMode":7,"vertexBundelIndices":[0],"indexView":{"offset":12640,"length":1368,"count":684,"stride":2}}],"vertexBundles":[{"view":{"offset":0,"length":12640,"count":632,"stride":20},"attributes":[{"name":"a_position","format":32,"isNormalized":false},{"name":"a_texCoord","format":21,"isNormalized":false}]}],"minPosition":{"__type__":"cc.Vec3","x":-13.898351669311523,"y":-13.752825736999512,"z":-0.05660949647426605},"maxPosition":{"__type__":"cc.Vec3","x":13.660707473754883,"y":13.80622673034668,"z":40.150325775146484}},"_dataLength":14008,"_hash":2809353034}]
