{"__type__":"cc.Mesh","_native":".bin","_struct":{"primitives":[{"primitiveMode":7,"vertexBundelIndices":[0],"indexView":{"offset":4060,"length":480,"count":240,"stride":2}}],"vertexBundles":[{"view":{"offset":0,"length":4060,"count":203,"stride":20},"attributes":[{"name":"a_position","format":32,"isNormalized":false},{"name":"a_texCoord","format":21,"isNormalized":false}]}],"minPosition":{"__type__":"cc.Vec3","x":-0.06703735142946243,"y":0.0028518508188426495,"z":-0.0665503740310669},"maxPosition":{"__type__":"cc.Vec3","x":0.06956492364406586,"y":1.9459969997406006,"z":0.7033993601799011}},"_dataLength":4540,"_hash":4221830833}
