{"__type__":"cc.Mesh","_native":".bin","_struct":{"primitives":[{"primitiveMode":7,"vertexBundelIndices":[0],"indexView":{"offset":1180,"length":300,"count":150,"stride":2}}],"vertexBundles":[{"view":{"offset":0,"length":1180,"count":59,"stride":20},"attributes":[{"name":"a_position","format":32,"isNormalized":false},{"name":"a_texCoord","format":21,"isNormalized":false}]}],"minPosition":{"__type__":"cc.Vec3","x":-0.5905511975288391,"y":-1.7716535329818726},"maxPosition":{"__type__":"cc.Vec3","x":0.5905511975288391,"y":1.7716535329818726}},"_dataLength":1480,"_hash":2892631475}
