[{"__type__":"cc.Prefab","data":{"__id__":1}},{"__type__":"cc.Node","_name":"RankItem","_children":[{"__id__":2},{"__id__":4},{"__id__":6},{"__id__":8},{"__id__":10},{"__id__":12},{"__id__":14},{"__id__":16},{"__id__":18},{"__id__":19},{"__id__":22}],"_components":[{"__type__":"cc.UITransformComponent","node":{"__id__":1},"_contentSize":{"__type__":"cc.Size","width":750,"height":124}},{"__type__":"026fbnCV+lLEbSVfrWxIhfh","node":{"__id__":1},"topNode":{"__id__":3},"top3RankSp":{"__id__":5},"frames":[{"__uuid__":"9ayZDzxyFMdr1kSKdYDaRe@f9941"},{"__uuid__":"b9x0ZhwHNK0LgI1HqSP8X1@f9941"},{"__uuid__":"a9vEHIV65IFog614yT0loq@f9941"}],"rankLabel":{"__id__":7},"nameLabel":{"__id__":9},"scoreLabel":{"__id__":11},"photoSp":{"__id__":21},"skinSp":{"__id__":13},"shareNode":{"__id__":18},"playNode":{"__id__":14},"inviteNode":{"__id__":16},"playSp":{"__id__":15},"playframes":[{"__uuid__":"cf8a1VSZhJsI7EIqvAJdyg@f9941"},{"__uuid__":"65uAI0H+ROt7OU3CfUQ/ZK@f9941"},{"__uuid__":"94J9wUc51Bwod9mgaxcFcA@f9941"},{"__uuid__":"b6ogP9eetEsJtciWCYGYtV@f9941"}],"defaultFrame":{"__uuid__":"fc2NtFiqdPl4EYyRqDA3Qp@f9941"}}],"_prefab":{"__type__":"cc.PrefabInfo","root":{"__id__":1},"asset":{"__id__":0},"fileId":"93Drf3SxpORJcmYeh7B6Vu","_synced":{"default":false,"serializable":false}},"_lpos":{"__type__":"cc.Vec3","y":-127.331}},{"__type__":"cc.Node","_name":"bg","_parent":{"__id__":1},"_children":[{"__id__":3}],"_components":[{"__type__":"cc.UITransformComponent","node":{"__id__":2},"_contentSize":{"__type__":"cc.Size","width":750,"height":124}},{"__type__":"cc.SpriteComponent","node":{"__id__":2},"_spriteFrame":{"__uuid__":"11wRuZtaJDlIv+itS/VGXr@f9941"},"_sizeMode":2}],"_prefab":{"__type__":"cc.PrefabInfo","root":{"__id__":1},"asset":{"__id__":0},"fileId":"8dnsvPesVKxZhVzR5hDv1p","_synced":{"default":false,"serializable":false}},"_layer":33554432},{"__type__":"cc.Node","_name":"topone","_parent":{"__id__":2},"_components":[{"__type__":"cc.UITransformComponent","node":{"__id__":3},"_contentSize":{"__type__":"cc.Size","width":750,"height":128}},{"__type__":"cc.SpriteComponent","node":{"__id__":3},"_spriteFrame":{"__uuid__":"37UvzvODxLdpf3BuWBDy2F@f9941"},"_sizeMode":0}],"_prefab":{"__type__":"cc.PrefabInfo","root":{"__id__":1},"asset":{"__id__":0},"fileId":"d2qZTivtRE65deqqFTp80D","_synced":{"default":false,"serializable":false}},"_layer":33554432},{"__type__":"cc.Node","_name":"top3Icon","_parent":{"__id__":1},"_components":[{"__type__":"cc.UITransformComponent","node":{"__id__":4},"_contentSize":{"__type__":"cc.Size","width":69,"height":83}},{"__id__":5}],"_prefab":{"__type__":"cc.PrefabInfo","root":{"__id__":1},"asset":{"__id__":0},"fileId":"5cxFNK7n1EMY4q66T3KkUQ","_synced":{"default":false,"serializable":false}},"_lpos":{"__type__":"cc.Vec3","x":-321.085},"_layer":33554432},{"__type__":"cc.SpriteComponent","node":{"__id__":4},"_spriteFrame":{"__uuid__":"9ayZDzxyFMdr1kSKdYDaRe@f9941"}},{"__type__":"cc.Node","_name":"rank","_parent":{"__id__":1},"_components":[{"__type__":"cc.UITransformComponent","node":{"__id__":6},"_contentSize":{"__type__":"cc.Size","width":27.81,"height":63}},{"__id__":7}],"_prefab":{"__type__":"cc.PrefabInfo","root":{"__id__":1},"asset":{"__id__":0},"fileId":"86A22hKG9IBrBHrxwJLDnr","_synced":{"default":false,"serializable":false}},"_lpos":{"__type__":"cc.Vec3","x":-321.218},"_layer":33554432},{"__type__":"cc.LabelComponent","node":{"__id__":6},"_color":{"__type__":"cc.Color"},"_string":"1","_actualFontSize":50,"_fontSize":50,"_lineHeight":50},{"__type__":"cc.Node","_name":"name","_parent":{"__id__":1},"_components":[{"__type__":"cc.UITransformComponent","node":{"__id__":8},"_contentSize":{"__type__":"cc.Size","width":200,"height":50.4}},{"__id__":9}],"_prefab":{"__type__":"cc.PrefabInfo","root":{"__id__":1},"asset":{"__id__":0},"fileId":"15B2PbEwVHfKhXXNIPILDO","_synced":{"default":false,"serializable":false}},"_lpos":{"__type__":"cc.Vec3","x":-63.048,"y":19.4},"_layer":33554432},{"__type__":"cc.LabelComponent","node":{"__id__":8},"_color":{"__type__":"cc.Color","r":32,"g":56,"b":67},"_string":"Laughing","_actualFontSize":33,"_fontSize":33,"_overflow":2,"_isBold":true},{"__type__":"cc.Node","_name":"score","_parent":{"__id__":1},"_components":[{"__type__":"cc.UITransformComponent","node":{"__id__":10},"_contentSize":{"__type__":"cc.Size","width":200,"height":50.4}},{"__id__":11},{"__type__":"cc.LabelOutlineComponent","node":{"__id__":10},"_color":{"__type__":"cc.Color","r":132,"g":57,"b":12},"_width":3}],"_prefab":{"__type__":"cc.PrefabInfo","root":{"__id__":1},"asset":{"__id__":0},"fileId":"59iYvHWMtFhpoaGEPE7R9R","_synced":{"default":false,"serializable":false}},"_lpos":{"__type__":"cc.Vec3","x":-68.868,"y":-24.563},"_layer":33554432},{"__type__":"cc.LabelComponent","node":{"__id__":10},"_color":{"__type__":"cc.Color","r":245,"g":234,"b":108},"_string":"1114658","_actualFontSize":35,"_fontSize":35,"_overflow":2,"_isBold":true},{"__type__":"cc.Node","_name":"skin","_parent":{"__id__":1},"_components":[{"__type__":"cc.UITransformComponent","_name":"skin<UITransformComponent>","node":{"__id__":12},"_contentSize":{"__type__":"cc.Size","width":69,"height":83}},{"__id__":13}],"_prefab":{"__type__":"cc.PrefabInfo","root":{"__id__":1},"asset":{"__id__":0},"fileId":"ac0RlzPGFOwqsCg9EK24nt","_synced":{"default":false,"serializable":false}},"_lpos":{"__type__":"cc.Vec3","x":96.683},"_lscale":{"__type__":"cc.Vec3","x":0.8,"y":0.8,"z":1},"_layer":33554432},{"__type__":"cc.SpriteComponent","_name":"skin<SpriteComponent>","node":{"__id__":12},"_spriteFrame":{"__uuid__":"a9vEHIV65IFog614yT0loq@f9941"}},{"__type__":"cc.Node","_name":"playBtn","_parent":{"__id__":1},"_components":[{"__type__":"cc.UITransformComponent","node":{"__id__":14},"_contentSize":{"__type__":"cc.Size","width":113,"height":60}},{"__id__":15},{"__type__":"cc.ButtonComponent","node":{"__id__":14},"clickEvents":[{"__type__":"cc.ClickEvent","target":{"__id__":1},"_componentId":"026fbnCV+lLEbSVfrWxIhfh","handler":"onPlayClicked"}],"_transition":3}],"_prefab":{"__type__":"cc.PrefabInfo","root":{"__id__":1},"asset":{"__id__":0},"fileId":"8390rfZhFJPpSLvPBqJwKd","_synced":{"default":false,"serializable":false}},"_lpos":{"__type__":"cc.Vec3","x":295.184},"_layer":33554432},{"__type__":"cc.SpriteComponent","node":{"__id__":14},"_spriteFrame":{"__uuid__":"cf8a1VSZhJsI7EIqvAJdyg@f9941"},"_sizeMode":2},{"__type__":"cc.Node","_name":"invite","_parent":{"__id__":1},"_children":[{"__id__":17}],"_components":[{"__type__":"cc.UITransformComponent","node":{"__id__":16},"_contentSize":{"__type__":"cc.Size","width":113,"height":60}},{"__type__":"cc.SpriteComponent","node":{"__id__":16},"_spriteFrame":{"__uuid__":"cf8a1VSZhJsI7EIqvAJdyg@f9941"},"_sizeMode":2},{"__type__":"cc.ButtonComponent","node":{"__id__":16},"clickEvents":[{"__type__":"cc.ClickEvent","target":{"__id__":1},"_componentId":"026fbnCV+lLEbSVfrWxIhfh","handler":"onInviteClicked"}],"_transition":3}],"_prefab":{"__type__":"cc.PrefabInfo","root":{"__id__":1},"asset":{"__id__":0},"fileId":"a0s53jKVpIQ4NPoJ7v0N9d","_synced":{"default":false,"serializable":false}},"_lpos":{"__type__":"cc.Vec3","x":294.504}},{"__type__":"cc.Node","_name":"test","_parent":{"__id__":16},"_active":false,"_components":[{"__type__":"cc.UITransformComponent","node":{"__id__":17},"_contentSize":{"__type__":"cc.Size","width":92.23,"height":35.28}},{"__type__":"cc.LabelComponent","node":{"__id__":17},"_color":{"__type__":"cc.Color","r":132,"g":57,"b":12},"_string":"INVITE","_actualFontSize":28,"_fontSize":28,"_lineHeight":28,"_isBold":true},{"__type__":"cc.LabelOutlineComponent","node":{"__id__":17},"_color":{"__type__":"cc.Color","r":245,"g":234,"b":108}}],"_prefab":{"__type__":"cc.PrefabInfo","root":{"__id__":1},"asset":{"__id__":0},"fileId":"6f5D7SJyhFEoJW2Fil96dG","_synced":{"default":false,"serializable":false}},"_layer":33554432},{"__type__":"cc.Node","_name":"shareBtn","_parent":{"__id__":1},"_active":false,"_components":[{"__type__":"cc.UITransformComponent","node":{"__id__":18},"_contentSize":{"__type__":"cc.Size","width":113,"height":60}},{"__type__":"cc.SpriteComponent","node":{"__id__":18},"_spriteFrame":{"__uuid__":"980bqQXnhKhYPidG8Il3rD@f9941"}},{"__type__":"cc.ButtonComponent","node":{"__id__":18},"clickEvents":[{"__type__":"cc.ClickEvent","target":{"__id__":1},"_componentId":"026fbnCV+lLEbSVfrWxIhfh","handler":"onShareClicked"}],"_transition":3}],"_prefab":{"__type__":"cc.PrefabInfo","root":{"__id__":1},"asset":{"__id__":0},"fileId":"abt/eyrQJNC5ndoyD0Es4O","_synced":{"default":false,"serializable":false}},"_lpos":{"__type__":"cc.Vec3","x":295.184},"_layer":33554432},{"__type__":"cc.Node","_name":"headmask","_parent":{"__id__":1},"_children":[{"__id__":20}],"_components":[{"__type__":"cc.UITransformComponent","node":{"__id__":19},"_contentSize":{"__type__":"cc.Size","width":92,"height":92}}],"_prefab":{"__type__":"cc.PrefabInfo","root":{"__id__":1},"asset":{"__id__":0},"fileId":"73fuIT5gdHDbMhOTG1DC4K","_synced":{"default":false,"serializable":false}},"_lpos":{"__type__":"cc.Vec3","x":-218},"_layer":33554432},{"__type__":"cc.Node","_name":"headphoto","_parent":{"__id__":19},"_components":[{"__type__":"cc.UITransformComponent","node":{"__id__":20},"_contentSize":{"__type__":"cc.Size","width":94,"height":94}},{"__id__":21}],"_prefab":{"__type__":"cc.PrefabInfo","root":{"__id__":1},"asset":{"__id__":0},"fileId":"0823UEr1xP/ol55YSPfT2j","_synced":{"default":false,"serializable":false}},"_layer":33554432},{"__type__":"cc.SpriteComponent","node":{"__id__":20},"_spriteFrame":{"__uuid__":"fc2NtFiqdPl4EYyRqDA3Qp@f9941"},"_sizeMode":0},{"__type__":"cc.Node","_name":"headkuang","_parent":{"__id__":1},"_components":[{"__type__":"cc.UITransformComponent","node":{"__id__":22},"_contentSize":{"__type__":"cc.Size","width":98,"height":98}},{"__type__":"cc.SpriteComponent","node":{"__id__":22},"_spriteFrame":{"__uuid__":"c8oJyClEdILa5beNpK8Ac2@f9941"},"_sizeMode":2}],"_prefab":{"__type__":"cc.PrefabInfo","root":{"__id__":1},"asset":{"__id__":0},"fileId":"efGyg/5OxIMKDrzP6lbCZB","_synced":{"default":false,"serializable":false}},"_lpos":{"__type__":"cc.Vec3","x":-218},"_layer":33554432}]
