{"__type__":"cc.Mesh","_native":".bin","_struct":{"primitives":[{"primitiveMode":7,"vertexBundelIndices":[0],"indexView":{"offset":360,"length":72,"count":36,"stride":2}}],"vertexBundles":[{"view":{"offset":0,"length":360,"count":18,"stride":20},"attributes":[{"name":"a_position","format":32,"isNormalized":false},{"name":"a_texCoord","format":21,"isNormalized":false}]}],"minPosition":{"__type__":"cc.Vec3","x":-0.5905511975288391,"y":-1.7716535329818726},"maxPosition":{"__type__":"cc.Vec3","x":0.5905511975288391,"y":1.7716535329818726,"z":0.11811023205518723}},"_dataLength":432,"_hash":1445229825}
