{"__type__":"cc.EffectAsset","_name":"curved","techniques":[{"name":"opaque","passes":[{"program":"curved|unlit-vs:vert|unlit-fs:frag","properties":{"mainTexture":{"value":"grey","type":28}}}]},{"name":"transparent","passes":[{"blendState":{"targets":[{"blend":true,"blendSrc":2,"blendDst":4,"blendDstAlpha":4}]},"program":"curved|unlit-vs:vert|unlit-fs-transparent:frag","depthStencilState":{"depthTest":true,"depthWrite":false},"properties":{"mainTexture":{"value":"grey","type":28}}}]},{"name":"entrydoor","passes":[{"blendState":{"targets":[{"blend":true,"blendSrc":2,"blendDst":4,"blendDstAlpha":4}]},"program":"curved|unlit-vs:vert|unlit-fs-entrydoor:frag","depthStencilState":{"depthTest":true,"depthWrite":false},"properties":{"mainTexture":{"value":"grey","type":28},"blendAlpha":{"value":[1],"type":13}}}]}],"shaders":[{"hash":3876493602,"glsl1":{"vert":"\nprecision highp float;\nuniform highp mat4 cc_matView;\nuniform highp mat4 cc_matProj;\n#if USE_INSTANCING\n  attribute vec4 a_matWorld0;\n  attribute vec4 a_matWorld1;\n  attribute vec4 a_matWorld2;\n#if USE_LIGHTMAP\n  attribute vec4 a_lightingMapUVParam;\n#endif\n#elif USE_BATCHING\n  attribute float a_dyn_batch_id;\n  uniform highp mat4 cc_matWorlds[10];\n#else\nuniform highp mat4 cc_matWorld;\n#endif\nstruct StandardVertInput {\n  highp vec4 position;\n  vec3 normal;\n  vec4 tangent;\n};\nattribute vec3 a_position;\n#if CC_USE_MORPH\n    attribute float a_vertexId;\n    int getVertexId() {\n        return int(a_vertexId);\n    }\nuniform vec4 cc_displacementWeights[15];\nuniform vec4 cc_displacementTextureInfo;\n    vec4 fetchFlatPixel(sampler2D tex, int pixelIndex) {\n        float pixelIndexF = float(pixelIndex);\n        vec2 textureResolution = vec2(float(cc_displacementTextureInfo.x), float(cc_displacementTextureInfo.y));\n        float pixelX = mod(pixelIndexF, textureResolution.x);\n        float pixelY = floor(pixelIndexF / textureResolution.x);\n        vec2 uv = (vec2(pixelX, pixelY) + .5) / textureResolution;\n        return texture2D(tex, uv);\n    }\nfloat getDisplacementWeight(int index) {\n    float m = mod(float(index), 4.0);\n    if (m < 1.0) {\n        return cc_displacementWeights[index / 4].x;\n    } else if (m < 2.0) {\n        return cc_displacementWeights[index / 4].y;\n    } else if (m < 3.0) {\n        return cc_displacementWeights[index / 4].z;\n    } else {\n        return cc_displacementWeights[index / 4].w;\n    }\n}\nvec3 getVec3DisplacementFromTexture(sampler2D tex, int vertexIndex) {\n#if CC_MORPH_PRECOMPUTED\n    return fetchFlatPixel(tex, vertexIndex).rgb;\n#else\n    vec3 result = vec3(0, 0, 0);\n    for (int iTarget = 0; iTarget < CC_MORPH_TARGET_COUNT; ++iTarget) {\n        int dataPixelStart = int(fetchFlatPixel(tex, iTarget).r);\n        result += (fetchFlatPixel(tex, dataPixelStart + vertexIndex).rgb * getDisplacementWeight(iTarget));\n    }\n    return result;\n#endif\n}\n#if CC_MORPH_TARGET_HAS_POSITION\n    uniform sampler2D cc_PositionDisplacements;\n    vec3 getPositionDisplacement(int vertexId) {\n        return getVec3DisplacementFromTexture(cc_PositionDisplacements, vertexId);\n    }\n#endif\n#if CC_MORPH_TARGET_HAS_NORMAL\n    uniform sampler2D cc_NormalDisplacements;\n    vec3 getNormalDisplacement(int vertexId) {\n        return getVec3DisplacementFromTexture(cc_NormalDisplacements, vertexId);\n    }\n#endif\n#if CC_MORPH_TARGET_HAS_TANGENT\n    uniform sampler2D cc_TangentDisplacements;\n    vec3 getTangentDisplacement(int vertexId) {\n        return getVec3DisplacementFromTexture(cc_TangentDisplacements, vertexId);\n    }\n#endif\nvoid applyMorph (inout StandardVertInput attr) {\n    int vertexId = getVertexId();\n#if CC_MORPH_TARGET_HAS_POSITION\n    attr.position.xyz = attr.position.xyz + getPositionDisplacement(vertexId);\n#endif\n#if CC_MORPH_TARGET_HAS_NORMAL\n    attr.normal.xyz = attr.normal.xyz + getNormalDisplacement(vertexId);\n#endif\n#if CC_MORPH_TARGET_HAS_TANGENT\n    attr.tangent.xyz = attr.tangent.xyz + getTangentDisplacement(vertexId);\n#endif\n}\nvoid applyMorph (inout vec4 position) {\n#if CC_MORPH_TARGET_HAS_POSITION\n    position.xyz = position.xyz + getPositionDisplacement(getVertexId());\n#endif\n}\n#endif\n#if CC_USE_SKINNING\nattribute vec4 a_weights;\nattribute vec4 a_joints;\nhighp float decode32 (highp vec4 rgba) {\n  rgba = rgba * 255.0;\n  highp float Sign = 1.0 - step(127.99, rgba[3]) * 2.0;\n  highp float Exponent = 2.0 * mod(rgba[3], 127.99) + step(128.0, rgba[2]) - 127.0;\n  highp float Mantissa = mod(rgba[2], 128.0) * 65536.0 + rgba[1] * 256.0 + rgba[0] + 8388608.0;\n  return Sign * exp2(Exponent - 23.0) * Mantissa;\n}\n#if CC_USE_BAKED_ANIMATION\n  #if USE_INSTANCING\n    attribute highp vec4 a_jointAnimInfo;\n  #endif\n  uniform highp vec4 cc_jointTextureInfo;\n  uniform highp vec4 cc_jointAnimInfo;\n  uniform sampler2D cc_jointTexture;\n  #else\n  uniform highp vec4 cc_joints[90];\n#endif\n#if CC_USE_BAKED_ANIMATION\n  #if CC_SUPPORT_FLOAT_TEXTURE\n    mat4 getJointMatrix (float i) {\n    #if USE_INSTANCING\n      highp float j = 3.0 * (a_jointAnimInfo.x * a_jointAnimInfo.y + i) + a_jointAnimInfo.z;\n    #else\n      highp float j = 3.0 * (cc_jointAnimInfo.x * cc_jointTextureInfo.y + i) + cc_jointTextureInfo.z;\n    #endif\n    highp float invSize = cc_jointTextureInfo.w;\n    highp float y = floor(j * invSize);\n    highp float x = j - y * cc_jointTextureInfo.x;\n    y = (y + 0.5) * invSize;\n      vec4 v1 = texture2D(cc_jointTexture, vec2((x + 0.5) * invSize, y));\n      vec4 v2 = texture2D(cc_jointTexture, vec2((x + 1.5) * invSize, y));\n      vec4 v3 = texture2D(cc_jointTexture, vec2((x + 2.5) * invSize, y));\n      return mat4(vec4(v1.xyz, 0.0), vec4(v2.xyz, 0.0), vec4(v3.xyz, 0.0), vec4(v1.w, v2.w, v3.w, 1.0));\n    }\n  #else\n    mat4 getJointMatrix (float i) {\n    #if USE_INSTANCING\n      highp float j = 12.0 * (a_jointAnimInfo.x * a_jointAnimInfo.y + i) + a_jointAnimInfo.z;\n    #else\n      highp float j = 12.0 * (cc_jointAnimInfo.x * cc_jointTextureInfo.y + i) + cc_jointTextureInfo.z;\n    #endif\n    highp float invSize = cc_jointTextureInfo.w;\n    highp float y = floor(j * invSize);\n    highp float x = j - y * cc_jointTextureInfo.x;\n    y = (y + 0.5) * invSize;\n      vec4 v1 = vec4(\n        decode32(texture2D(cc_jointTexture, vec2((x + 0.5) * invSize, y))),\n        decode32(texture2D(cc_jointTexture, vec2((x + 1.5) * invSize, y))),\n        decode32(texture2D(cc_jointTexture, vec2((x + 2.5) * invSize, y))),\n        decode32(texture2D(cc_jointTexture, vec2((x + 3.5) * invSize, y)))\n      );\n      vec4 v2 = vec4(\n        decode32(texture2D(cc_jointTexture, vec2((x + 4.5) * invSize, y))),\n        decode32(texture2D(cc_jointTexture, vec2((x + 5.5) * invSize, y))),\n        decode32(texture2D(cc_jointTexture, vec2((x + 6.5) * invSize, y))),\n        decode32(texture2D(cc_jointTexture, vec2((x + 7.5) * invSize, y)))\n      );\n      vec4 v3 = vec4(\n        decode32(texture2D(cc_jointTexture, vec2((x + 8.5) * invSize, y))),\n        decode32(texture2D(cc_jointTexture, vec2((x + 9.5) * invSize, y))),\n        decode32(texture2D(cc_jointTexture, vec2((x + 10.5) * invSize, y))),\n        decode32(texture2D(cc_jointTexture, vec2((x + 11.5) * invSize, y)))\n      );\n      return mat4(vec4(v1.xyz, 0.0), vec4(v2.xyz, 0.0), vec4(v3.xyz, 0.0), vec4(v1.w, v2.w, v3.w, 1.0));\n    }\n  #endif\n#else\n  mat4 getJointMatrix (float i) {\n    int idx = int(i);\n    vec4 v1 = cc_joints[idx * 3];\n    vec4 v2 = cc_joints[idx * 3 + 1];\n    vec4 v3 = cc_joints[idx * 3 + 2];\n    return mat4(vec4(v1.xyz, 0.0), vec4(v2.xyz, 0.0), vec4(v3.xyz, 0.0), vec4(v1.w, v2.w, v3.w, 1.0));\n  }\n#endif\nmat4 skinMatrix () {\n  return getJointMatrix(a_joints.x) * a_weights.x\n       + getJointMatrix(a_joints.y) * a_weights.y\n       + getJointMatrix(a_joints.z) * a_weights.z\n       + getJointMatrix(a_joints.w) * a_weights.w;\n}\nvoid CCSkin (inout vec4 position) {\n  mat4 m = skinMatrix();\n  position = m * position;\n}\nvoid CCSkin (inout StandardVertInput attr) {\n  mat4 m = skinMatrix();\n  attr.position = m * attr.position;\n  attr.normal = (m * vec4(attr.normal, 0.0)).xyz;\n  attr.tangent.xyz = (m * vec4(attr.tangent.xyz, 0.0)).xyz;\n}\n#endif\nattribute vec2 a_texCoord;\nvarying vec2 v_uv;\nvarying float fogIntensity;\nhighp vec4 vert () {\n  vec4 position;\n  position = vec4(a_position, 1.0);\n  #if CC_USE_MORPH\n    applyMorph(position);\n  #endif\n  #if CC_USE_SKINNING\n    CCSkin(position);\n  #endif\n  highp mat4 matWorld;\n  #if USE_INSTANCING\n    matWorld = mat4(\n      vec4(a_matWorld0.xyz, 0.0),\n      vec4(a_matWorld1.xyz, 0.0),\n      vec4(a_matWorld2.xyz, 0.0),\n      vec4(a_matWorld0.w, a_matWorld1.w, a_matWorld2.w, 1.0)\n    );\n  #elif USE_BATCHING\n    matWorld = cc_matWorlds[int(a_dyn_batch_id)];\n  #else\n    matWorld = cc_matWorld;\n  #endif\n  highp vec4 vpos = cc_matView * matWorld * position;\n  float dist = 180.0;\n  vec4 allOffset = vec4(-2.0,-4.0,0.0,0.0);\n  highp float zOff = vpos.z / dist;\n  vpos += allOffset * zOff * zOff;\n  float startDist = -999.0;\n  float endDist = -300.0;\n  if ( vpos.z > endDist )\n  {\n    fogIntensity = 0.0;\n  }\n  else if ( vpos.z < startDist )\n  {\n    fogIntensity = 1.0;\n  }\n  else {\n    fogIntensity = (endDist-vpos.z)/(endDist-startDist);\n  }\n  highp vec4 pos = cc_matProj * vpos;\n  v_uv = a_texCoord;\n  #if FLIP_UV\n    v_uv.y = 1.0 - v_uv.y;\n  #endif\n  return pos;\n}\nvoid main() { gl_Position = vert(); }","frag":"\nprecision highp float;\nuniform mediump vec4 cc_exposure;\nvec3 SRGBToLinear (vec3 gamma) {\n  return gamma * gamma;\n}\nvec4 CCFragOutput (vec4 color) {\n  #if CC_USE_HDR\n    color.rgb = mix(color.rgb, SRGBToLinear(color.rgb) * cc_exposure.w, vec3(cc_exposure.z));\n  #endif\n  return color;\n}\nvarying vec2 v_uv;\nvarying float fogIntensity;\nuniform sampler2D mainTexture;\nvec4 frag () {\n  return CCFragOutput(CCFragOutput(mix(texture2D(mainTexture, v_uv),vec4(0.34,0.65,0.94,1.0),fogIntensity)));\n}\nvoid main() { gl_FragColor = frag(); }"},"builtins":{"globals":{"blocks":[{"name":"CCGlobal","defines":[]}],"samplers":[]},"locals":{"blocks":[{"name":"CCLocalBatched","defines":["!USE_INSTANCING","USE_BATCHING"]},{"name":"CCLocal","defines":["!USE_INSTANCING","!USE_BATCHING"]},{"name":"CCMorph","defines":["CC_USE_MORPH"]},{"name":"CCSkinningTexture","defines":["CC_USE_SKINNING","CC_USE_BAKED_ANIMATION"]},{"name":"CCSkinningAnimation","defines":["CC_USE_SKINNING","CC_USE_BAKED_ANIMATION"]},{"name":"CCSkinning","defines":["CC_USE_SKINNING","!CC_USE_BAKED_ANIMATION"]}],"samplers":[{"name":"cc_PositionDisplacements","defines":["CC_USE_MORPH","CC_MORPH_TARGET_HAS_POSITION"]},{"name":"cc_NormalDisplacements","defines":["CC_USE_MORPH","CC_MORPH_TARGET_HAS_NORMAL"]},{"name":"cc_TangentDisplacements","defines":["CC_USE_MORPH","CC_MORPH_TARGET_HAS_TANGENT"]},{"name":"cc_jointTexture","defines":["CC_USE_SKINNING","CC_USE_BAKED_ANIMATION"]}]}},"defines":[{"name":"USE_INSTANCING","type":"boolean"},{"name":"USE_BATCHING","type":"boolean"},{"name":"USE_LIGHTMAP","type":"boolean"},{"name":"CC_USE_MORPH","type":"boolean"},{"name":"CC_MORPH_TARGET_COUNT","type":"number","range":[2,8]},{"name":"CC_MORPH_PRECOMPUTED","type":"boolean"},{"name":"CC_MORPH_TARGET_HAS_POSITION","type":"boolean"},{"name":"CC_MORPH_TARGET_HAS_NORMAL","type":"boolean"},{"name":"CC_MORPH_TARGET_HAS_TANGENT","type":"boolean"},{"name":"CC_USE_SKINNING","type":"boolean"},{"name":"CC_USE_BAKED_ANIMATION","type":"boolean"},{"name":"CC_SUPPORT_FLOAT_TEXTURE","type":"boolean"},{"name":"FLIP_UV","type":"boolean"},{"name":"CC_USE_HDR","type":"boolean"}],"blocks":[],"samplers":[{"name":"mainTexture","type":28,"count":1,"defines":[],"binding":31}],"attributes":[{"name":"a_matWorld0","type":16,"count":1,"defines":["USE_INSTANCING"],"format":43,"isInstanced":true,"location":5},{"name":"a_matWorld1","type":16,"count":1,"defines":["USE_INSTANCING"],"format":43,"isInstanced":true,"location":1},{"name":"a_matWorld2","type":16,"count":1,"defines":["USE_INSTANCING"],"format":43,"isInstanced":true,"location":2},{"name":"a_lightingMapUVParam","type":16,"count":1,"defines":["USE_INSTANCING","USE_LIGHTMAP"],"format":43,"isInstanced":true,"location":3},{"name":"a_dyn_batch_id","type":13,"count":1,"defines":["!USE_INSTANCING","USE_BATCHING"],"format":11,"location":4},{"name":"a_position","type":15,"count":1,"defines":[],"format":32,"location":0},{"name":"a_vertexId","type":13,"count":1,"defines":["CC_USE_MORPH"],"format":11,"location":6},{"name":"a_weights","type":16,"count":1,"defines":["CC_USE_SKINNING"],"format":43,"location":7},{"name":"a_joints","type":16,"count":1,"defines":["CC_USE_SKINNING"],"format":43,"location":8},{"name":"a_jointAnimInfo","type":16,"count":1,"precision":"highp ","defines":["CC_USE_SKINNING","CC_USE_BAKED_ANIMATION","USE_INSTANCING"],"format":43,"isInstanced":true,"location":9},{"name":"a_texCoord","type":14,"count":1,"defines":[],"format":21,"location":10}],"record":null,"name":"curved|unlit-vs:vert|unlit-fs:frag"},{"hash":4203186547,"glsl1":{"vert":"\nprecision highp float;\nuniform highp mat4 cc_matView;\nuniform highp mat4 cc_matProj;\n#if USE_INSTANCING\n  attribute vec4 a_matWorld0;\n  attribute vec4 a_matWorld1;\n  attribute vec4 a_matWorld2;\n#if USE_LIGHTMAP\n  attribute vec4 a_lightingMapUVParam;\n#endif\n#elif USE_BATCHING\n  attribute float a_dyn_batch_id;\n  uniform highp mat4 cc_matWorlds[10];\n#else\nuniform highp mat4 cc_matWorld;\n#endif\nstruct StandardVertInput {\n  highp vec4 position;\n  vec3 normal;\n  vec4 tangent;\n};\nattribute vec3 a_position;\n#if CC_USE_MORPH\n    attribute float a_vertexId;\n    int getVertexId() {\n        return int(a_vertexId);\n    }\nuniform vec4 cc_displacementWeights[15];\nuniform vec4 cc_displacementTextureInfo;\n    vec4 fetchFlatPixel(sampler2D tex, int pixelIndex) {\n        float pixelIndexF = float(pixelIndex);\n        vec2 textureResolution = vec2(float(cc_displacementTextureInfo.x), float(cc_displacementTextureInfo.y));\n        float pixelX = mod(pixelIndexF, textureResolution.x);\n        float pixelY = floor(pixelIndexF / textureResolution.x);\n        vec2 uv = (vec2(pixelX, pixelY) + .5) / textureResolution;\n        return texture2D(tex, uv);\n    }\nfloat getDisplacementWeight(int index) {\n    float m = mod(float(index), 4.0);\n    if (m < 1.0) {\n        return cc_displacementWeights[index / 4].x;\n    } else if (m < 2.0) {\n        return cc_displacementWeights[index / 4].y;\n    } else if (m < 3.0) {\n        return cc_displacementWeights[index / 4].z;\n    } else {\n        return cc_displacementWeights[index / 4].w;\n    }\n}\nvec3 getVec3DisplacementFromTexture(sampler2D tex, int vertexIndex) {\n#if CC_MORPH_PRECOMPUTED\n    return fetchFlatPixel(tex, vertexIndex).rgb;\n#else\n    vec3 result = vec3(0, 0, 0);\n    for (int iTarget = 0; iTarget < CC_MORPH_TARGET_COUNT; ++iTarget) {\n        int dataPixelStart = int(fetchFlatPixel(tex, iTarget).r);\n        result += (fetchFlatPixel(tex, dataPixelStart + vertexIndex).rgb * getDisplacementWeight(iTarget));\n    }\n    return result;\n#endif\n}\n#if CC_MORPH_TARGET_HAS_POSITION\n    uniform sampler2D cc_PositionDisplacements;\n    vec3 getPositionDisplacement(int vertexId) {\n        return getVec3DisplacementFromTexture(cc_PositionDisplacements, vertexId);\n    }\n#endif\n#if CC_MORPH_TARGET_HAS_NORMAL\n    uniform sampler2D cc_NormalDisplacements;\n    vec3 getNormalDisplacement(int vertexId) {\n        return getVec3DisplacementFromTexture(cc_NormalDisplacements, vertexId);\n    }\n#endif\n#if CC_MORPH_TARGET_HAS_TANGENT\n    uniform sampler2D cc_TangentDisplacements;\n    vec3 getTangentDisplacement(int vertexId) {\n        return getVec3DisplacementFromTexture(cc_TangentDisplacements, vertexId);\n    }\n#endif\nvoid applyMorph (inout StandardVertInput attr) {\n    int vertexId = getVertexId();\n#if CC_MORPH_TARGET_HAS_POSITION\n    attr.position.xyz = attr.position.xyz + getPositionDisplacement(vertexId);\n#endif\n#if CC_MORPH_TARGET_HAS_NORMAL\n    attr.normal.xyz = attr.normal.xyz + getNormalDisplacement(vertexId);\n#endif\n#if CC_MORPH_TARGET_HAS_TANGENT\n    attr.tangent.xyz = attr.tangent.xyz + getTangentDisplacement(vertexId);\n#endif\n}\nvoid applyMorph (inout vec4 position) {\n#if CC_MORPH_TARGET_HAS_POSITION\n    position.xyz = position.xyz + getPositionDisplacement(getVertexId());\n#endif\n}\n#endif\n#if CC_USE_SKINNING\nattribute vec4 a_weights;\nattribute vec4 a_joints;\nhighp float decode32 (highp vec4 rgba) {\n  rgba = rgba * 255.0;\n  highp float Sign = 1.0 - step(127.99, rgba[3]) * 2.0;\n  highp float Exponent = 2.0 * mod(rgba[3], 127.99) + step(128.0, rgba[2]) - 127.0;\n  highp float Mantissa = mod(rgba[2], 128.0) * 65536.0 + rgba[1] * 256.0 + rgba[0] + 8388608.0;\n  return Sign * exp2(Exponent - 23.0) * Mantissa;\n}\n#if CC_USE_BAKED_ANIMATION\n  #if USE_INSTANCING\n    attribute highp vec4 a_jointAnimInfo;\n  #endif\n  uniform highp vec4 cc_jointTextureInfo;\n  uniform highp vec4 cc_jointAnimInfo;\n  uniform sampler2D cc_jointTexture;\n  #else\n  uniform highp vec4 cc_joints[90];\n#endif\n#if CC_USE_BAKED_ANIMATION\n  #if CC_SUPPORT_FLOAT_TEXTURE\n    mat4 getJointMatrix (float i) {\n    #if USE_INSTANCING\n      highp float j = 3.0 * (a_jointAnimInfo.x * a_jointAnimInfo.y + i) + a_jointAnimInfo.z;\n    #else\n      highp float j = 3.0 * (cc_jointAnimInfo.x * cc_jointTextureInfo.y + i) + cc_jointTextureInfo.z;\n    #endif\n    highp float invSize = cc_jointTextureInfo.w;\n    highp float y = floor(j * invSize);\n    highp float x = j - y * cc_jointTextureInfo.x;\n    y = (y + 0.5) * invSize;\n      vec4 v1 = texture2D(cc_jointTexture, vec2((x + 0.5) * invSize, y));\n      vec4 v2 = texture2D(cc_jointTexture, vec2((x + 1.5) * invSize, y));\n      vec4 v3 = texture2D(cc_jointTexture, vec2((x + 2.5) * invSize, y));\n      return mat4(vec4(v1.xyz, 0.0), vec4(v2.xyz, 0.0), vec4(v3.xyz, 0.0), vec4(v1.w, v2.w, v3.w, 1.0));\n    }\n  #else\n    mat4 getJointMatrix (float i) {\n    #if USE_INSTANCING\n      highp float j = 12.0 * (a_jointAnimInfo.x * a_jointAnimInfo.y + i) + a_jointAnimInfo.z;\n    #else\n      highp float j = 12.0 * (cc_jointAnimInfo.x * cc_jointTextureInfo.y + i) + cc_jointTextureInfo.z;\n    #endif\n    highp float invSize = cc_jointTextureInfo.w;\n    highp float y = floor(j * invSize);\n    highp float x = j - y * cc_jointTextureInfo.x;\n    y = (y + 0.5) * invSize;\n      vec4 v1 = vec4(\n        decode32(texture2D(cc_jointTexture, vec2((x + 0.5) * invSize, y))),\n        decode32(texture2D(cc_jointTexture, vec2((x + 1.5) * invSize, y))),\n        decode32(texture2D(cc_jointTexture, vec2((x + 2.5) * invSize, y))),\n        decode32(texture2D(cc_jointTexture, vec2((x + 3.5) * invSize, y)))\n      );\n      vec4 v2 = vec4(\n        decode32(texture2D(cc_jointTexture, vec2((x + 4.5) * invSize, y))),\n        decode32(texture2D(cc_jointTexture, vec2((x + 5.5) * invSize, y))),\n        decode32(texture2D(cc_jointTexture, vec2((x + 6.5) * invSize, y))),\n        decode32(texture2D(cc_jointTexture, vec2((x + 7.5) * invSize, y)))\n      );\n      vec4 v3 = vec4(\n        decode32(texture2D(cc_jointTexture, vec2((x + 8.5) * invSize, y))),\n        decode32(texture2D(cc_jointTexture, vec2((x + 9.5) * invSize, y))),\n        decode32(texture2D(cc_jointTexture, vec2((x + 10.5) * invSize, y))),\n        decode32(texture2D(cc_jointTexture, vec2((x + 11.5) * invSize, y)))\n      );\n      return mat4(vec4(v1.xyz, 0.0), vec4(v2.xyz, 0.0), vec4(v3.xyz, 0.0), vec4(v1.w, v2.w, v3.w, 1.0));\n    }\n  #endif\n#else\n  mat4 getJointMatrix (float i) {\n    int idx = int(i);\n    vec4 v1 = cc_joints[idx * 3];\n    vec4 v2 = cc_joints[idx * 3 + 1];\n    vec4 v3 = cc_joints[idx * 3 + 2];\n    return mat4(vec4(v1.xyz, 0.0), vec4(v2.xyz, 0.0), vec4(v3.xyz, 0.0), vec4(v1.w, v2.w, v3.w, 1.0));\n  }\n#endif\nmat4 skinMatrix () {\n  return getJointMatrix(a_joints.x) * a_weights.x\n       + getJointMatrix(a_joints.y) * a_weights.y\n       + getJointMatrix(a_joints.z) * a_weights.z\n       + getJointMatrix(a_joints.w) * a_weights.w;\n}\nvoid CCSkin (inout vec4 position) {\n  mat4 m = skinMatrix();\n  position = m * position;\n}\nvoid CCSkin (inout StandardVertInput attr) {\n  mat4 m = skinMatrix();\n  attr.position = m * attr.position;\n  attr.normal = (m * vec4(attr.normal, 0.0)).xyz;\n  attr.tangent.xyz = (m * vec4(attr.tangent.xyz, 0.0)).xyz;\n}\n#endif\nattribute vec2 a_texCoord;\nvarying vec2 v_uv;\nvarying float fogIntensity;\nhighp vec4 vert () {\n  vec4 position;\n  position = vec4(a_position, 1.0);\n  #if CC_USE_MORPH\n    applyMorph(position);\n  #endif\n  #if CC_USE_SKINNING\n    CCSkin(position);\n  #endif\n  highp mat4 matWorld;\n  #if USE_INSTANCING\n    matWorld = mat4(\n      vec4(a_matWorld0.xyz, 0.0),\n      vec4(a_matWorld1.xyz, 0.0),\n      vec4(a_matWorld2.xyz, 0.0),\n      vec4(a_matWorld0.w, a_matWorld1.w, a_matWorld2.w, 1.0)\n    );\n  #elif USE_BATCHING\n    matWorld = cc_matWorlds[int(a_dyn_batch_id)];\n  #else\n    matWorld = cc_matWorld;\n  #endif\n  highp vec4 vpos = cc_matView * matWorld * position;\n  float dist = 180.0;\n  vec4 allOffset = vec4(-2.0,-4.0,0.0,0.0);\n  highp float zOff = vpos.z / dist;\n  vpos += allOffset * zOff * zOff;\n  float startDist = -999.0;\n  float endDist = -300.0;\n  if ( vpos.z > endDist )\n  {\n    fogIntensity = 0.0;\n  }\n  else if ( vpos.z < startDist )\n  {\n    fogIntensity = 1.0;\n  }\n  else {\n    fogIntensity = (endDist-vpos.z)/(endDist-startDist);\n  }\n  highp vec4 pos = cc_matProj * vpos;\n  v_uv = a_texCoord;\n  #if FLIP_UV\n    v_uv.y = 1.0 - v_uv.y;\n  #endif\n  return pos;\n}\nvoid main() { gl_Position = vert(); }","frag":"\nprecision highp float;\nuniform mediump vec4 cc_exposure;\nvec3 SRGBToLinear (vec3 gamma) {\n  return gamma * gamma;\n}\nvec4 CCFragOutput (vec4 color) {\n  #if CC_USE_HDR\n    color.rgb = mix(color.rgb, SRGBToLinear(color.rgb) * cc_exposure.w, vec3(cc_exposure.z));\n  #endif\n  return color;\n}\nvarying vec2 v_uv;\nvarying float fogIntensity;\nuniform sampler2D mainTexture;\nvec4 frag () {\n  vec4 o = texture2D(mainTexture, v_uv);\n  o = mix(o,vec4(0.34,0.65,0.94,o.a),fogIntensity);\n  return CCFragOutput(o);\n}\nvoid main() { gl_FragColor = frag(); }"},"builtins":{"globals":{"blocks":[{"name":"CCGlobal","defines":[]}],"samplers":[]},"locals":{"blocks":[{"name":"CCLocalBatched","defines":["!USE_INSTANCING","USE_BATCHING"]},{"name":"CCLocal","defines":["!USE_INSTANCING","!USE_BATCHING"]},{"name":"CCMorph","defines":["CC_USE_MORPH"]},{"name":"CCSkinningTexture","defines":["CC_USE_SKINNING","CC_USE_BAKED_ANIMATION"]},{"name":"CCSkinningAnimation","defines":["CC_USE_SKINNING","CC_USE_BAKED_ANIMATION"]},{"name":"CCSkinning","defines":["CC_USE_SKINNING","!CC_USE_BAKED_ANIMATION"]}],"samplers":[{"name":"cc_PositionDisplacements","defines":["CC_USE_MORPH","CC_MORPH_TARGET_HAS_POSITION"]},{"name":"cc_NormalDisplacements","defines":["CC_USE_MORPH","CC_MORPH_TARGET_HAS_NORMAL"]},{"name":"cc_TangentDisplacements","defines":["CC_USE_MORPH","CC_MORPH_TARGET_HAS_TANGENT"]},{"name":"cc_jointTexture","defines":["CC_USE_SKINNING","CC_USE_BAKED_ANIMATION"]}]}},"defines":[{"name":"USE_INSTANCING","type":"boolean"},{"name":"USE_BATCHING","type":"boolean"},{"name":"USE_LIGHTMAP","type":"boolean"},{"name":"CC_USE_MORPH","type":"boolean"},{"name":"CC_MORPH_TARGET_COUNT","type":"number","range":[2,8]},{"name":"CC_MORPH_PRECOMPUTED","type":"boolean"},{"name":"CC_MORPH_TARGET_HAS_POSITION","type":"boolean"},{"name":"CC_MORPH_TARGET_HAS_NORMAL","type":"boolean"},{"name":"CC_MORPH_TARGET_HAS_TANGENT","type":"boolean"},{"name":"CC_USE_SKINNING","type":"boolean"},{"name":"CC_USE_BAKED_ANIMATION","type":"boolean"},{"name":"CC_SUPPORT_FLOAT_TEXTURE","type":"boolean"},{"name":"FLIP_UV","type":"boolean"},{"name":"CC_USE_HDR","type":"boolean"}],"blocks":[],"samplers":[{"name":"mainTexture","type":28,"count":1,"defines":[],"binding":31}],"attributes":[{"name":"a_matWorld0","type":16,"count":1,"defines":["USE_INSTANCING"],"format":43,"isInstanced":true,"location":5},{"name":"a_matWorld1","type":16,"count":1,"defines":["USE_INSTANCING"],"format":43,"isInstanced":true,"location":1},{"name":"a_matWorld2","type":16,"count":1,"defines":["USE_INSTANCING"],"format":43,"isInstanced":true,"location":2},{"name":"a_lightingMapUVParam","type":16,"count":1,"defines":["USE_INSTANCING","USE_LIGHTMAP"],"format":43,"isInstanced":true,"location":3},{"name":"a_dyn_batch_id","type":13,"count":1,"defines":["!USE_INSTANCING","USE_BATCHING"],"format":11,"location":4},{"name":"a_position","type":15,"count":1,"defines":[],"format":32,"location":0},{"name":"a_vertexId","type":13,"count":1,"defines":["CC_USE_MORPH"],"format":11,"location":6},{"name":"a_weights","type":16,"count":1,"defines":["CC_USE_SKINNING"],"format":43,"location":7},{"name":"a_joints","type":16,"count":1,"defines":["CC_USE_SKINNING"],"format":43,"location":8},{"name":"a_jointAnimInfo","type":16,"count":1,"precision":"highp ","defines":["CC_USE_SKINNING","CC_USE_BAKED_ANIMATION","USE_INSTANCING"],"format":43,"isInstanced":true,"location":9},{"name":"a_texCoord","type":14,"count":1,"defines":[],"format":21,"location":10}],"record":null,"name":"curved|unlit-vs:vert|unlit-fs-transparent:frag"},{"hash":2223875735,"glsl1":{"vert":"\nprecision highp float;\nuniform highp mat4 cc_matView;\nuniform highp mat4 cc_matProj;\n#if USE_INSTANCING\n  attribute vec4 a_matWorld0;\n  attribute vec4 a_matWorld1;\n  attribute vec4 a_matWorld2;\n#if USE_LIGHTMAP\n  attribute vec4 a_lightingMapUVParam;\n#endif\n#elif USE_BATCHING\n  attribute float a_dyn_batch_id;\n  uniform highp mat4 cc_matWorlds[10];\n#else\nuniform highp mat4 cc_matWorld;\n#endif\nstruct StandardVertInput {\n  highp vec4 position;\n  vec3 normal;\n  vec4 tangent;\n};\nattribute vec3 a_position;\n#if CC_USE_MORPH\n    attribute float a_vertexId;\n    int getVertexId() {\n        return int(a_vertexId);\n    }\nuniform vec4 cc_displacementWeights[15];\nuniform vec4 cc_displacementTextureInfo;\n    vec4 fetchFlatPixel(sampler2D tex, int pixelIndex) {\n        float pixelIndexF = float(pixelIndex);\n        vec2 textureResolution = vec2(float(cc_displacementTextureInfo.x), float(cc_displacementTextureInfo.y));\n        float pixelX = mod(pixelIndexF, textureResolution.x);\n        float pixelY = floor(pixelIndexF / textureResolution.x);\n        vec2 uv = (vec2(pixelX, pixelY) + .5) / textureResolution;\n        return texture2D(tex, uv);\n    }\nfloat getDisplacementWeight(int index) {\n    float m = mod(float(index), 4.0);\n    if (m < 1.0) {\n        return cc_displacementWeights[index / 4].x;\n    } else if (m < 2.0) {\n        return cc_displacementWeights[index / 4].y;\n    } else if (m < 3.0) {\n        return cc_displacementWeights[index / 4].z;\n    } else {\n        return cc_displacementWeights[index / 4].w;\n    }\n}\nvec3 getVec3DisplacementFromTexture(sampler2D tex, int vertexIndex) {\n#if CC_MORPH_PRECOMPUTED\n    return fetchFlatPixel(tex, vertexIndex).rgb;\n#else\n    vec3 result = vec3(0, 0, 0);\n    for (int iTarget = 0; iTarget < CC_MORPH_TARGET_COUNT; ++iTarget) {\n        int dataPixelStart = int(fetchFlatPixel(tex, iTarget).r);\n        result += (fetchFlatPixel(tex, dataPixelStart + vertexIndex).rgb * getDisplacementWeight(iTarget));\n    }\n    return result;\n#endif\n}\n#if CC_MORPH_TARGET_HAS_POSITION\n    uniform sampler2D cc_PositionDisplacements;\n    vec3 getPositionDisplacement(int vertexId) {\n        return getVec3DisplacementFromTexture(cc_PositionDisplacements, vertexId);\n    }\n#endif\n#if CC_MORPH_TARGET_HAS_NORMAL\n    uniform sampler2D cc_NormalDisplacements;\n    vec3 getNormalDisplacement(int vertexId) {\n        return getVec3DisplacementFromTexture(cc_NormalDisplacements, vertexId);\n    }\n#endif\n#if CC_MORPH_TARGET_HAS_TANGENT\n    uniform sampler2D cc_TangentDisplacements;\n    vec3 getTangentDisplacement(int vertexId) {\n        return getVec3DisplacementFromTexture(cc_TangentDisplacements, vertexId);\n    }\n#endif\nvoid applyMorph (inout StandardVertInput attr) {\n    int vertexId = getVertexId();\n#if CC_MORPH_TARGET_HAS_POSITION\n    attr.position.xyz = attr.position.xyz + getPositionDisplacement(vertexId);\n#endif\n#if CC_MORPH_TARGET_HAS_NORMAL\n    attr.normal.xyz = attr.normal.xyz + getNormalDisplacement(vertexId);\n#endif\n#if CC_MORPH_TARGET_HAS_TANGENT\n    attr.tangent.xyz = attr.tangent.xyz + getTangentDisplacement(vertexId);\n#endif\n}\nvoid applyMorph (inout vec4 position) {\n#if CC_MORPH_TARGET_HAS_POSITION\n    position.xyz = position.xyz + getPositionDisplacement(getVertexId());\n#endif\n}\n#endif\n#if CC_USE_SKINNING\nattribute vec4 a_weights;\nattribute vec4 a_joints;\nhighp float decode32 (highp vec4 rgba) {\n  rgba = rgba * 255.0;\n  highp float Sign = 1.0 - step(127.99, rgba[3]) * 2.0;\n  highp float Exponent = 2.0 * mod(rgba[3], 127.99) + step(128.0, rgba[2]) - 127.0;\n  highp float Mantissa = mod(rgba[2], 128.0) * 65536.0 + rgba[1] * 256.0 + rgba[0] + 8388608.0;\n  return Sign * exp2(Exponent - 23.0) * Mantissa;\n}\n#if CC_USE_BAKED_ANIMATION\n  #if USE_INSTANCING\n    attribute highp vec4 a_jointAnimInfo;\n  #endif\n  uniform highp vec4 cc_jointTextureInfo;\n  uniform highp vec4 cc_jointAnimInfo;\n  uniform sampler2D cc_jointTexture;\n  #else\n  uniform highp vec4 cc_joints[90];\n#endif\n#if CC_USE_BAKED_ANIMATION\n  #if CC_SUPPORT_FLOAT_TEXTURE\n    mat4 getJointMatrix (float i) {\n    #if USE_INSTANCING\n      highp float j = 3.0 * (a_jointAnimInfo.x * a_jointAnimInfo.y + i) + a_jointAnimInfo.z;\n    #else\n      highp float j = 3.0 * (cc_jointAnimInfo.x * cc_jointTextureInfo.y + i) + cc_jointTextureInfo.z;\n    #endif\n    highp float invSize = cc_jointTextureInfo.w;\n    highp float y = floor(j * invSize);\n    highp float x = j - y * cc_jointTextureInfo.x;\n    y = (y + 0.5) * invSize;\n      vec4 v1 = texture2D(cc_jointTexture, vec2((x + 0.5) * invSize, y));\n      vec4 v2 = texture2D(cc_jointTexture, vec2((x + 1.5) * invSize, y));\n      vec4 v3 = texture2D(cc_jointTexture, vec2((x + 2.5) * invSize, y));\n      return mat4(vec4(v1.xyz, 0.0), vec4(v2.xyz, 0.0), vec4(v3.xyz, 0.0), vec4(v1.w, v2.w, v3.w, 1.0));\n    }\n  #else\n    mat4 getJointMatrix (float i) {\n    #if USE_INSTANCING\n      highp float j = 12.0 * (a_jointAnimInfo.x * a_jointAnimInfo.y + i) + a_jointAnimInfo.z;\n    #else\n      highp float j = 12.0 * (cc_jointAnimInfo.x * cc_jointTextureInfo.y + i) + cc_jointTextureInfo.z;\n    #endif\n    highp float invSize = cc_jointTextureInfo.w;\n    highp float y = floor(j * invSize);\n    highp float x = j - y * cc_jointTextureInfo.x;\n    y = (y + 0.5) * invSize;\n      vec4 v1 = vec4(\n        decode32(texture2D(cc_jointTexture, vec2((x + 0.5) * invSize, y))),\n        decode32(texture2D(cc_jointTexture, vec2((x + 1.5) * invSize, y))),\n        decode32(texture2D(cc_jointTexture, vec2((x + 2.5) * invSize, y))),\n        decode32(texture2D(cc_jointTexture, vec2((x + 3.5) * invSize, y)))\n      );\n      vec4 v2 = vec4(\n        decode32(texture2D(cc_jointTexture, vec2((x + 4.5) * invSize, y))),\n        decode32(texture2D(cc_jointTexture, vec2((x + 5.5) * invSize, y))),\n        decode32(texture2D(cc_jointTexture, vec2((x + 6.5) * invSize, y))),\n        decode32(texture2D(cc_jointTexture, vec2((x + 7.5) * invSize, y)))\n      );\n      vec4 v3 = vec4(\n        decode32(texture2D(cc_jointTexture, vec2((x + 8.5) * invSize, y))),\n        decode32(texture2D(cc_jointTexture, vec2((x + 9.5) * invSize, y))),\n        decode32(texture2D(cc_jointTexture, vec2((x + 10.5) * invSize, y))),\n        decode32(texture2D(cc_jointTexture, vec2((x + 11.5) * invSize, y)))\n      );\n      return mat4(vec4(v1.xyz, 0.0), vec4(v2.xyz, 0.0), vec4(v3.xyz, 0.0), vec4(v1.w, v2.w, v3.w, 1.0));\n    }\n  #endif\n#else\n  mat4 getJointMatrix (float i) {\n    int idx = int(i);\n    vec4 v1 = cc_joints[idx * 3];\n    vec4 v2 = cc_joints[idx * 3 + 1];\n    vec4 v3 = cc_joints[idx * 3 + 2];\n    return mat4(vec4(v1.xyz, 0.0), vec4(v2.xyz, 0.0), vec4(v3.xyz, 0.0), vec4(v1.w, v2.w, v3.w, 1.0));\n  }\n#endif\nmat4 skinMatrix () {\n  return getJointMatrix(a_joints.x) * a_weights.x\n       + getJointMatrix(a_joints.y) * a_weights.y\n       + getJointMatrix(a_joints.z) * a_weights.z\n       + getJointMatrix(a_joints.w) * a_weights.w;\n}\nvoid CCSkin (inout vec4 position) {\n  mat4 m = skinMatrix();\n  position = m * position;\n}\nvoid CCSkin (inout StandardVertInput attr) {\n  mat4 m = skinMatrix();\n  attr.position = m * attr.position;\n  attr.normal = (m * vec4(attr.normal, 0.0)).xyz;\n  attr.tangent.xyz = (m * vec4(attr.tangent.xyz, 0.0)).xyz;\n}\n#endif\nattribute vec2 a_texCoord;\nvarying vec2 v_uv;\nvarying float fogIntensity;\nhighp vec4 vert () {\n  vec4 position;\n  position = vec4(a_position, 1.0);\n  #if CC_USE_MORPH\n    applyMorph(position);\n  #endif\n  #if CC_USE_SKINNING\n    CCSkin(position);\n  #endif\n  highp mat4 matWorld;\n  #if USE_INSTANCING\n    matWorld = mat4(\n      vec4(a_matWorld0.xyz, 0.0),\n      vec4(a_matWorld1.xyz, 0.0),\n      vec4(a_matWorld2.xyz, 0.0),\n      vec4(a_matWorld0.w, a_matWorld1.w, a_matWorld2.w, 1.0)\n    );\n  #elif USE_BATCHING\n    matWorld = cc_matWorlds[int(a_dyn_batch_id)];\n  #else\n    matWorld = cc_matWorld;\n  #endif\n  highp vec4 vpos = cc_matView * matWorld * position;\n  float dist = 180.0;\n  vec4 allOffset = vec4(-2.0,-4.0,0.0,0.0);\n  highp float zOff = vpos.z / dist;\n  vpos += allOffset * zOff * zOff;\n  float startDist = -999.0;\n  float endDist = -300.0;\n  if ( vpos.z > endDist )\n  {\n    fogIntensity = 0.0;\n  }\n  else if ( vpos.z < startDist )\n  {\n    fogIntensity = 1.0;\n  }\n  else {\n    fogIntensity = (endDist-vpos.z)/(endDist-startDist);\n  }\n  highp vec4 pos = cc_matProj * vpos;\n  v_uv = a_texCoord;\n  #if FLIP_UV\n    v_uv.y = 1.0 - v_uv.y;\n  #endif\n  return pos;\n}\nvoid main() { gl_Position = vert(); }","frag":"\nprecision highp float;\nuniform mediump vec4 cc_exposure;\nvec3 SRGBToLinear (vec3 gamma) {\n  return gamma * gamma;\n}\nvec4 CCFragOutput (vec4 color) {\n  #if CC_USE_HDR\n    color.rgb = mix(color.rgb, SRGBToLinear(color.rgb) * cc_exposure.w, vec3(cc_exposure.z));\n  #endif\n  return color;\n}\nvarying vec2 v_uv;\nvarying float fogIntensity;\nuniform sampler2D mainTexture;\nuniform float blendAlpha;\nvec4 frag () {\n  vec4 fogColor = vec4(1.0,1.0,1.0,1.0);\n  vec4 blackColor = vec4(0.12,0.13,0.14,1.0);\n  return CCFragOutput(mix(texture2D(mainTexture, v_uv),vec4(0.34,0.65,0.94,1.0),fogIntensity)*blendAlpha);\n}\nvoid main() { gl_FragColor = frag(); }"},"builtins":{"globals":{"blocks":[{"name":"CCGlobal","defines":[]}],"samplers":[]},"locals":{"blocks":[{"name":"CCLocalBatched","defines":["!USE_INSTANCING","USE_BATCHING"]},{"name":"CCLocal","defines":["!USE_INSTANCING","!USE_BATCHING"]},{"name":"CCMorph","defines":["CC_USE_MORPH"]},{"name":"CCSkinningTexture","defines":["CC_USE_SKINNING","CC_USE_BAKED_ANIMATION"]},{"name":"CCSkinningAnimation","defines":["CC_USE_SKINNING","CC_USE_BAKED_ANIMATION"]},{"name":"CCSkinning","defines":["CC_USE_SKINNING","!CC_USE_BAKED_ANIMATION"]}],"samplers":[{"name":"cc_PositionDisplacements","defines":["CC_USE_MORPH","CC_MORPH_TARGET_HAS_POSITION"]},{"name":"cc_NormalDisplacements","defines":["CC_USE_MORPH","CC_MORPH_TARGET_HAS_NORMAL"]},{"name":"cc_TangentDisplacements","defines":["CC_USE_MORPH","CC_MORPH_TARGET_HAS_TANGENT"]},{"name":"cc_jointTexture","defines":["CC_USE_SKINNING","CC_USE_BAKED_ANIMATION"]}]}},"defines":[{"name":"USE_INSTANCING","type":"boolean"},{"name":"USE_BATCHING","type":"boolean"},{"name":"USE_LIGHTMAP","type":"boolean"},{"name":"CC_USE_MORPH","type":"boolean"},{"name":"CC_MORPH_TARGET_COUNT","type":"number","range":[2,8]},{"name":"CC_MORPH_PRECOMPUTED","type":"boolean"},{"name":"CC_MORPH_TARGET_HAS_POSITION","type":"boolean"},{"name":"CC_MORPH_TARGET_HAS_NORMAL","type":"boolean"},{"name":"CC_MORPH_TARGET_HAS_TANGENT","type":"boolean"},{"name":"CC_USE_SKINNING","type":"boolean"},{"name":"CC_USE_BAKED_ANIMATION","type":"boolean"},{"name":"CC_SUPPORT_FLOAT_TEXTURE","type":"boolean"},{"name":"FLIP_UV","type":"boolean"},{"name":"CC_USE_HDR","type":"boolean"}],"blocks":[{"name":"Constants","members":[{"name":"blendAlpha","type":13,"count":1}],"defines":[],"binding":0}],"samplers":[{"name":"mainTexture","type":28,"count":1,"defines":[],"binding":31}],"attributes":[{"name":"a_matWorld0","type":16,"count":1,"defines":["USE_INSTANCING"],"format":43,"isInstanced":true,"location":5},{"name":"a_matWorld1","type":16,"count":1,"defines":["USE_INSTANCING"],"format":43,"isInstanced":true,"location":1},{"name":"a_matWorld2","type":16,"count":1,"defines":["USE_INSTANCING"],"format":43,"isInstanced":true,"location":2},{"name":"a_lightingMapUVParam","type":16,"count":1,"defines":["USE_INSTANCING","USE_LIGHTMAP"],"format":43,"isInstanced":true,"location":3},{"name":"a_dyn_batch_id","type":13,"count":1,"defines":["!USE_INSTANCING","USE_BATCHING"],"format":11,"location":4},{"name":"a_position","type":15,"count":1,"defines":[],"format":32,"location":0},{"name":"a_vertexId","type":13,"count":1,"defines":["CC_USE_MORPH"],"format":11,"location":6},{"name":"a_weights","type":16,"count":1,"defines":["CC_USE_SKINNING"],"format":43,"location":7},{"name":"a_joints","type":16,"count":1,"defines":["CC_USE_SKINNING"],"format":43,"location":8},{"name":"a_jointAnimInfo","type":16,"count":1,"precision":"highp ","defines":["CC_USE_SKINNING","CC_USE_BAKED_ANIMATION","USE_INSTANCING"],"format":43,"isInstanced":true,"location":9},{"name":"a_texCoord","type":14,"count":1,"defines":[],"format":21,"location":10}],"record":null,"name":"curved|unlit-vs:vert|unlit-fs-entrydoor:frag"}]}
